Date,Day,Time,Pred(Ft),Pred(cm),High/Low,datetime
1/1/2017,Sun,12:25 PM,0.4,12,H,1/1/17 12:25 PM
1/1/2017,Sun,7:08 AM,-0.1,-3,L,1/1/17 7:08 AM
1/1/2017,Sun,12:57 PM,0.4,12,H,1/1/17 12:57 PM
1/1/2017,Sun,7:38 AM,0,0,L,1/1/17 7:38 AM
1/2/2017,Mon,1:08 AM,0.4,12,H,1/2/17 1:08 AM
1/2/2017,Mon,7:51 AM,-0.1,-3,L,1/2/17 7:51 AM
1/2/2017,Mon,1:38 AM,0.4,12,H,1/2/17 1:38 AM
1/2/2017,Mon,8:22 AM,0,0,L,1/2/17 8:22 AM
1/3/2017,Tue,1:55 AM,0.4,12,H,1/3/17 1:55 AM
1/3/2017,Tue,8:38 AM,0,0,L,1/3/17 8:38 AM
1/3/2017,Tue,2:22 AM,0.4,12,H,1/3/17 2:22 AM
1/3/2017,Tue,9:12 AM,0,0,L,1/3/17 9:12 AM
1/4/2017,Wed,2:47 AM,0.4,12,H,1/4/17 2:47 AM
1/4/2017,Wed,9:32 AM,0,0,L,1/4/17 9:32 AM
1/4/2017,Wed,3:10 AM,0.4,12,H,1/4/17 3:10 AM
1/4/2017,Wed,10:07 AM,0,0,L,1/4/17 10:07 AM
1/5/2017,Thu,3:44 AM,0.4,12,H,1/5/17 3:44 AM
1/5/2017,Thu,10:32 AM,0,0,L,1/5/17 10:32 AM
1/5/2017,Thu,4:03 AM,0.4,12,H,1/5/17 4:03 AM
1/5/2017,Thu,11:08 AM,0,0,L,1/5/17 11:08 AM
1/6/2017,Fri,4:47 AM,0.4,12,H,1/6/17 4:47 AM
1/6/2017,Fri,11:38 AM,0.1,3,L,1/6/17 11:38 AM
1/6/2017,Fri,5:02 AM,0.4,12,H,1/6/17 5:02 AM
1/7/2017,Sat,12:11 PM,-0.1,-3,L,1/7/17 12:11 PM
1/7/2017,Sat,5:54 AM,0.4,12,H,1/7/17 5:54 AM
1/7/2017,Sat,12:44 PM,0,0,L,1/7/17 12:44 PM
1/7/2017,Sat,6:06 AM,0.4,12,H,1/7/17 6:06 AM
1/8/2017,Sun,1:14 AM,-0.1,-3,L,1/8/17 1:14 AM
1/8/2017,Sun,7:00 AM,0.4,12,H,1/8/17 7:00 AM
1/8/2017,Sun,1:47 AM,0,0,L,1/8/17 1:47 AM
1/8/2017,Sun,7:10 AM,0.4,12,H,1/8/17 7:10 AM
1/9/2017,Mon,2:14 AM,-0.2,-6,L,1/9/17 2:14 AM
1/9/2017,Mon,8:02 AM,0.4,12,H,1/9/17 8:02 AM
1/9/2017,Mon,2:47 AM,0,0,L,1/9/17 2:47 AM
1/9/2017,Mon,8:11 AM,0.4,12,H,1/9/17 8:11 AM
1/10/2017,Tue,3:11 AM,-0.3,-9,L,1/10/17 3:11 AM
1/10/2017,Tue,8:59 AM,0.4,12,H,1/10/17 8:59 AM
1/10/2017,Tue,3:43 AM,-0.1,-3,L,1/10/17 3:43 AM
1/10/2017,Tue,9:09 AM,0.4,12,H,1/10/17 9:09 AM
1/11/2017,Wed,4:05 AM,-0.3,-9,L,1/11/17 4:05 AM
1/11/2017,Wed,9:53 AM,0.5,15,H,1/11/17 9:53 AM
1/11/2017,Wed,4:36 AM,-0.1,-3,L,1/11/17 4:36 AM
1/11/2017,Wed,10:03 AM,0.4,12,H,1/11/17 10:03 AM
1/12/2017,Thu,4:57 AM,-0.3,-9,L,1/12/17 4:57 AM
1/12/2017,Thu,10:43 AM,0.5,15,H,1/12/17 10:43 AM
1/12/2017,Thu,5:28 AM,-0.1,-3,L,1/12/17 5:28 AM
1/12/2017,Thu,10:55 AM,0.4,12,H,1/12/17 10:55 AM
1/13/2017,Fri,5:48 AM,-0.3,-9,L,1/13/17 5:48 AM
1/13/2017,Fri,11:31 AM,0.5,15,H,1/13/17 11:31 AM
1/13/2017,Fri,6:18 AM,-0.2,-6,L,1/13/17 6:18 AM
1/13/2017,Fri,11:44 AM,0.4,12,H,1/13/17 11:44 AM
1/14/2017,Sat,6:38 AM,-0.3,-9,L,1/14/17 6:38 AM
1/14/2017,Sat,12:17 PM,0.5,15,H,1/14/17 12:17 PM
1/14/2017,Sat,7:07 AM,-0.1,-3,L,1/14/17 7:07 AM
1/15/2017,Sun,12:33 PM,0.4,12,H,1/15/17 12:33 PM
1/15/2017,Sun,7:27 AM,-0.2,-6,L,1/15/17 7:27 AM
1/15/2017,Sun,1:02 AM,0.4,12,H,1/15/17 1:02 AM
1/15/2017,Sun,7:56 AM,-0.1,-3,L,1/15/17 7:56 AM
1/16/2017,Mon,1:21 AM,0.4,12,H,1/16/17 1:21 AM
1/16/2017,Mon,8:15 AM,-0.1,-3,L,1/16/17 8:15 AM
1/16/2017,Mon,1:46 AM,0.4,12,H,1/16/17 1:46 AM
1/16/2017,Mon,8:46 AM,-0.1,-3,L,1/16/17 8:46 AM
1/17/2017,Tue,2:08 AM,0.4,12,H,1/17/17 2:08 AM
1/17/2017,Tue,9:05 AM,-0.1,-3,L,1/17/17 9:05 AM
1/17/2017,Tue,2:30 AM,0.4,12,H,1/17/17 2:30 AM
1/17/2017,Tue,9:36 AM,0,0,L,1/17/17 9:36 AM
1/18/2017,Wed,2:57 AM,0.4,12,H,1/18/17 2:57 AM
1/18/2017,Wed,9:56 AM,0,0,L,1/18/17 9:56 AM
1/18/2017,Wed,3:14 AM,0.4,12,H,1/18/17 3:14 AM
1/18/2017,Wed,10:27 AM,0,0,L,1/18/17 10:27 AM
1/19/2017,Thu,3:48 AM,0.3,9,H,1/19/17 3:48 AM
1/19/2017,Thu,10:50 AM,0.1,3,L,1/19/17 10:50 AM
1/19/2017,Thu,4:01 AM,0.3,9,H,1/19/17 4:01 AM
1/19/2017,Thu,11:21 AM,0,0,L,1/19/17 11:21 AM
1/20/2017,Fri,4:42 AM,0.3,9,H,1/20/17 4:42 AM
1/20/2017,Fri,11:46 AM,0.1,3,L,1/20/17 11:46 AM
1/20/2017,Fri,4:51 AM,0.3,9,H,1/20/17 4:51 AM
1/21/2017,Sat,12:15 PM,0,0,L,1/21/17 12:15 PM
1/21/2017,Sat,5:39 AM,0.3,9,H,1/21/17 5:39 AM
1/21/2017,Sat,12:43 PM,0.2,6,L,1/21/17 12:43 PM
1/21/2017,Sat,5:45 AM,0.3,9,H,1/21/17 5:45 AM
1/22/2017,Sun,1:08 AM,0,0,L,1/22/17 1:08 AM
1/22/2017,Sun,6:36 AM,0.3,9,H,1/22/17 6:36 AM
1/22/2017,Sun,1:37 AM,0.2,6,L,1/22/17 1:37 AM
1/22/2017,Sun,6:40 AM,0.3,9,H,1/22/17 6:40 AM
1/23/2017,Mon,1:58 AM,0,0,L,1/23/17 1:58 AM
1/23/2017,Mon,7:31 AM,0.3,9,H,1/23/17 7:31 AM
1/23/2017,Mon,2:27 AM,0.1,3,L,1/23/17 2:27 AM
1/23/2017,Mon,7:35 AM,0.3,9,H,1/23/17 7:35 AM
1/24/2017,Tue,2:45 AM,0,0,L,1/24/17 2:45 AM
1/24/2017,Tue,8:22 AM,0.3,9,H,1/24/17 8:22 AM
1/24/2017,Tue,3:14 AM,0.1,3,L,1/24/17 3:14 AM
1/24/2017,Tue,8:26 AM,0.3,9,H,1/24/17 8:26 AM
1/25/2017,Wed,3:29 AM,-0.1,-3,L,1/25/17 3:29 AM
1/25/2017,Wed,9:08 AM,0.4,12,H,1/25/17 9:08 AM
1/25/2017,Wed,3:57 AM,0.1,3,L,1/25/17 3:57 AM
1/25/2017,Wed,9:13 AM,0.3,9,H,1/25/17 9:13 AM
1/26/2017,Thu,4:11 AM,-0.1,-3,L,1/26/17 4:11 AM
1/26/2017,Thu,9:52 AM,0.4,12,H,1/26/17 9:52 AM
1/26/2017,Thu,4:38 AM,0,0,L,1/26/17 4:38 AM
1/26/2017,Thu,9:58 AM,0.4,12,H,1/26/17 9:58 AM
1/27/2017,Fri,4:51 AM,-0.1,-3,L,1/27/17 4:51 AM
1/27/2017,Fri,10:33 AM,0.4,12,H,1/27/17 10:33 AM
1/27/2017,Fri,5:17 AM,0,0,L,1/27/17 5:17 AM
1/27/2017,Fri,10:41 AM,0.4,12,H,1/27/17 10:41 AM
1/28/2017,Sat,5:30 AM,-0.2,-6,L,1/28/17 5:30 AM
1/28/2017,Sat,11:14 AM,0.4,12,H,1/28/17 11:14 AM
1/28/2017,Sat,5:56 AM,-0.1,-3,L,1/28/17 5:56 AM
1/28/2017,Sat,11:24 AM,0.4,12,H,1/28/17 11:24 AM
1/29/2017,Sun,6:10 AM,-0.2,-6,L,1/29/17 6:10 AM
1/29/2017,Sun,11:54 AM,0.4,12,H,1/29/17 11:54 AM
1/29/2017,Sun,6:36 AM,-0.1,-3,L,1/29/17 6:36 AM
1/30/2017,Mon,12:07 PM,0.4,12,H,1/30/17 12:07 PM
1/30/2017,Mon,6:51 AM,-0.2,-6,L,1/30/17 6:51 AM
1/30/2017,Mon,12:34 PM,0.4,12,H,1/30/17 12:34 PM
1/30/2017,Mon,7:17 AM,-0.1,-3,L,1/30/17 7:17 AM
1/31/2017,Tue,12:52 PM,0.4,12,H,1/31/17 12:52 PM
1/31/2017,Tue,7:34 AM,-0.2,-6,L,1/31/17 7:34 AM
1/31/2017,Tue,1:15 AM,0.4,12,H,1/31/17 1:15 AM
1/31/2017,Tue,8:01 AM,-0.1,-3,L,1/31/17 8:01 AM
2/1/2017,Wed,1:39 AM,0.4,12,H,2/1/17 1:39 AM
2/1/2017,Wed,8:22 AM,-0.1,-3,L,2/1/17 8:22 AM
2/1/2017,Wed,1:59 AM,0.4,12,H,2/1/17 1:59 AM
2/1/2017,Wed,8:50 AM,-0.1,-3,L,2/1/17 8:50 AM
2/2/2017,Thu,2:29 AM,0.4,12,H,2/2/17 2:29 AM
2/2/2017,Thu,9:14 AM,-0.1,-3,L,2/2/17 9:14 AM
2/2/2017,Thu,2:46 AM,0.4,12,H,2/2/17 2:46 AM
2/2/2017,Thu,9:44 AM,-0.1,-3,L,2/2/17 9:44 AM
2/3/2017,Fri,3:25 AM,0.4,12,H,2/3/17 3:25 AM
2/3/2017,Fri,10:12 AM,0,0,L,2/3/17 10:12 AM
2/3/2017,Fri,3:39 AM,0.4,12,H,2/3/17 3:39 AM
2/3/2017,Fri,10:44 AM,-0.1,-3,L,2/3/17 10:44 AM
2/4/2017,Sat,4:27 AM,0.4,12,H,2/4/17 4:27 AM
2/4/2017,Sat,11:17 AM,0,0,L,2/4/17 11:17 AM
2/4/2017,Sat,4:40 AM,0.4,12,H,2/4/17 4:40 AM
2/4/2017,Sat,11:49 AM,-0.1,-3,L,2/4/17 11:49 AM
2/5/2017,Sun,5:35 AM,0.4,12,H,2/5/17 5:35 AM
2/5/2017,Sun,12:25 PM,0,0,L,2/5/17 12:25 PM
2/5/2017,Sun,5:46 AM,0.4,12,H,2/5/17 5:46 AM
2/6/2017,Mon,12:55 PM,-0.2,-6,L,2/6/17 12:55 PM
2/6/2017,Mon,6:43 AM,0.4,12,H,2/6/17 6:43 AM
2/6/2017,Mon,1:31 AM,0,0,L,2/6/17 1:31 AM
2/6/2017,Mon,6:54 AM,0.4,12,H,2/6/17 6:54 AM
2/7/2017,Tue,1:59 AM,-0.2,-6,L,2/7/17 1:59 AM
2/7/2017,Tue,7:47 AM,0.4,12,H,2/7/17 7:47 AM
2/7/2017,Tue,2:33 AM,0,0,L,2/7/17 2:33 AM
2/7/2017,Tue,7:59 AM,0.4,12,H,2/7/17 7:59 AM
2/8/2017,Wed,2:58 AM,-0.2,-6,L,2/8/17 2:58 AM
2/8/2017,Wed,8:46 AM,0.4,12,H,2/8/17 8:46 AM
2/8/2017,Wed,3:30 AM,-0.1,-3,L,2/8/17 3:30 AM
2/8/2017,Wed,8:58 AM,0.4,12,H,2/8/17 8:58 AM
2/9/2017,Thu,3:53 AM,-0.3,-9,L,2/9/17 3:53 AM
2/9/2017,Thu,9:38 AM,0.4,12,H,2/9/17 9:38 AM
2/9/2017,Thu,4:23 AM,-0.1,-3,L,2/9/17 4:23 AM
2/9/2017,Thu,9:51 AM,0.4,12,H,2/9/17 9:51 AM
2/10/2017,Fri,4:44 AM,-0.3,-9,L,2/10/17 4:44 AM
2/10/2017,Fri,10:26 AM,0.4,12,H,2/10/17 10:26 AM
2/10/2017,Fri,5:12 AM,-0.2,-6,L,2/10/17 5:12 AM
2/10/2017,Fri,10:41 AM,0.4,12,H,2/10/17 10:41 AM
2/11/2017,Sat,5:33 AM,-0.3,-9,L,2/11/17 5:33 AM
2/11/2017,Sat,11:11 AM,0.4,12,H,2/11/17 11:11 AM
2/11/2017,Sat,5:59 AM,-0.2,-6,L,2/11/17 5:59 AM
2/11/2017,Sat,11:27 AM,0.4,12,H,2/11/17 11:27 AM
2/12/2017,Sun,6:19 AM,-0.2,-6,L,2/12/17 6:19 AM
2/12/2017,Sun,11:53 AM,0.4,12,H,2/12/17 11:53 AM
2/12/2017,Sun,6:44 AM,-0.2,-6,L,2/12/17 6:44 AM
2/13/2017,Mon,12:11 PM,0.4,12,H,2/13/17 12:11 PM
2/13/2017,Mon,7:03 AM,-0.2,-6,L,2/13/17 7:03 AM
2/13/2017,Mon,12:33 PM,0.4,12,H,2/13/17 12:33 PM
2/13/2017,Mon,7:28 AM,-0.2,-6,L,2/13/17 7:28 AM
2/14/2017,Tue,12:54 PM,0.4,12,H,2/14/17 12:54 PM
2/14/2017,Tue,7:47 AM,-0.1,-3,L,2/14/17 7:47 AM
2/14/2017,Tue,1:12 AM,0.4,12,H,2/14/17 1:12 AM
2/14/2017,Tue,8:11 AM,-0.1,-3,L,2/14/17 8:11 AM
2/15/2017,Wed,1:36 AM,0.4,12,H,2/15/17 1:36 AM
2/15/2017,Wed,8:30 AM,-0.1,-3,L,2/15/17 8:30 AM
2/15/2017,Wed,1:51 AM,0.4,12,H,2/15/17 1:51 AM
2/15/2017,Wed,8:54 AM,-0.1,-3,L,2/15/17 8:54 AM
2/16/2017,Thu,2:18 AM,0.4,12,H,2/16/17 2:18 AM
2/16/2017,Thu,9:15 AM,0,0,L,2/16/17 9:15 AM
2/16/2017,Thu,2:30 AM,0.3,9,H,2/16/17 2:30 AM
2/16/2017,Thu,9:39 AM,0,0,L,2/16/17 9:39 AM
2/17/2017,Fri,3:03 AM,0.3,9,H,2/17/17 3:03 AM
2/17/2017,Fri,10:02 AM,0.1,3,L,2/17/17 10:02 AM
2/17/2017,Fri,3:12 AM,0.3,9,H,2/17/17 3:12 AM
2/17/2017,Fri,10:28 AM,0,0,L,2/17/17 10:28 AM
2/18/2017,Sat,3:51 AM,0.3,9,H,2/18/17 3:51 AM
2/18/2017,Sat,10:54 AM,0.1,3,L,2/18/17 10:54 AM
2/18/2017,Sat,3:58 AM,0.3,9,H,2/18/17 3:58 AM
2/18/2017,Sat,11:21 AM,0,0,L,2/18/17 11:21 AM
2/19/2017,Sun,4:46 AM,0.3,9,H,2/19/17 4:46 AM
2/19/2017,Sun,11:51 AM,0.2,6,L,2/19/17 11:51 AM
2/19/2017,Sun,4:52 AM,0.3,9,H,2/19/17 4:52 AM
2/20/2017,Mon,12:18 PM,0.1,3,L,2/20/17 12:18 PM
2/20/2017,Mon,5:46 AM,0.3,9,H,2/20/17 5:46 AM
2/20/2017,Mon,12:50 PM,0.2,6,L,2/20/17 12:50 PM
2/20/2017,Mon,5:53 AM,0.3,9,H,2/20/17 5:53 AM
2/21/2017,Tue,1:15 AM,0,0,L,2/21/17 1:15 AM
2/21/2017,Tue,6:47 AM,0.3,9,H,2/21/17 6:47 AM
2/21/2017,Tue,1:47 AM,0.2,6,L,2/21/17 1:47 AM
2/21/2017,Tue,6:55 AM,0.3,9,H,2/21/17 6:55 AM
2/22/2017,Wed,2:08 AM,0,0,L,2/22/17 2:08 AM
2/22/2017,Wed,7:44 AM,0.3,9,H,2/22/17 7:44 AM
2/22/2017,Wed,2:38 AM,0.1,3,L,2/22/17 2:38 AM
2/22/2017,Wed,7:52 AM,0.3,9,H,2/22/17 7:52 AM
2/23/2017,Thu,2:56 AM,0,0,L,2/23/17 2:56 AM
2/23/2017,Thu,8:35 AM,0.4,12,H,2/23/17 8:35 AM
2/23/2017,Thu,3:25 AM,0.1,3,L,2/23/17 3:25 AM
2/23/2017,Thu,8:45 AM,0.3,9,H,2/23/17 8:45 AM
2/24/2017,Fri,3:42 AM,-0.1,-3,L,2/24/17 3:42 AM
2/24/2017,Fri,9:22 AM,0.4,12,H,2/24/17 9:22 AM
2/24/2017,Fri,4:08 AM,0,0,L,2/24/17 4:08 AM
2/24/2017,Fri,9:33 AM,0.4,12,H,2/24/17 9:33 AM
2/25/2017,Sat,4:25 AM,-0.1,-3,L,2/25/17 4:25 AM
2/25/2017,Sat,10:05 AM,0.4,12,H,2/25/17 10:05 AM
2/25/2017,Sat,4:50 AM,-0.1,-3,L,2/25/17 4:50 AM
2/25/2017,Sat,10:19 AM,0.4,12,H,2/25/17 10:19 AM
2/26/2017,Sun,5:07 AM,-0.2,-6,L,2/26/17 5:07 AM
2/26/2017,Sun,10:47 AM,0.4,12,H,2/26/17 10:47 AM
2/26/2017,Sun,5:30 AM,-0.1,-3,L,2/26/17 5:30 AM
2/26/2017,Sun,11:03 AM,0.4,12,H,2/26/17 11:03 AM
2/27/2017,Mon,5:49 AM,-0.2,-6,L,2/27/17 5:49 AM
2/27/2017,Mon,11:28 AM,0.4,12,H,2/27/17 11:28 AM
2/27/2017,Mon,6:12 AM,-0.2,-6,L,2/27/17 6:12 AM
2/27/2017,Mon,11:48 AM,0.4,12,H,2/27/17 11:48 AM
2/28/2017,Tue,6:33 AM,-0.2,-6,L,2/28/17 6:33 AM
2/28/2017,Tue,12:10 PM,0.4,12,H,2/28/17 12:10 PM
2/28/2017,Tue,6:55 AM,-0.2,-6,L,2/28/17 6:55 AM
3/1/2017,Wed,12:34 PM,0.4,12,H,3/1/17 12:34 PM
3/1/2017,Wed,7:18 AM,-0.2,-6,L,3/1/17 7:18 AM
3/1/2017,Wed,12:52 PM,0.4,12,H,3/1/17 12:52 PM
3/1/2017,Wed,7:41 AM,-0.2,-6,L,3/1/17 7:41 AM
3/2/2017,Thu,1:22 AM,0.4,12,H,3/2/17 1:22 AM
3/2/2017,Thu,8:06 AM,-0.1,-3,L,3/2/17 8:06 AM
3/2/2017,Thu,1:38 AM,0.4,12,H,3/2/17 1:38 AM
3/2/2017,Thu,8:30 AM,-0.2,-6,L,3/2/17 8:30 AM
3/3/2017,Fri,2:13 AM,0.4,12,H,3/3/17 2:13 AM
3/3/2017,Fri,8:58 AM,-0.1,-3,L,3/3/17 8:58 AM
3/3/2017,Fri,2:27 AM,0.4,12,H,3/3/17 2:27 AM
3/3/2017,Fri,9:25 AM,-0.2,-6,L,3/3/17 9:25 AM
3/4/2017,Sat,3:09 AM,0.4,12,H,3/4/17 3:09 AM
3/4/2017,Sat,9:56 AM,0,0,L,3/4/17 9:56 AM
3/4/2017,Sat,3:22 AM,0.4,12,H,3/4/17 3:22 AM
3/4/2017,Sat,10:26 AM,-0.1,-3,L,3/4/17 10:26 AM
3/5/2017,Sun,4:10 AM,0.4,12,H,3/5/17 4:10 AM
3/5/2017,Sun,11:01 AM,0,0,L,3/5/17 11:01 AM
3/5/2017,Sun,4:24 AM,0.4,12,H,3/5/17 4:24 AM
3/5/2017,Sun,11:32 AM,-0.1,-3,L,3/5/17 11:32 AM
3/6/2017,Mon,5:17 AM,0.4,12,H,3/6/17 5:17 AM
3/6/2017,Mon,12:10 PM,0.1,3,L,3/6/17 12:10 PM
3/6/2017,Mon,5:33 AM,0.4,12,H,3/6/17 5:33 AM
3/7/2017,Tue,12:41 PM,-0.1,-3,L,3/7/17 12:41 PM
3/7/2017,Tue,6:26 AM,0.4,12,H,3/7/17 6:26 AM
3/7/2017,Tue,1:17 AM,0,0,L,3/7/17 1:17 AM
3/7/2017,Tue,6:43 AM,0.4,12,H,3/7/17 6:43 AM
3/8/2017,Wed,1:46 AM,-0.1,-3,L,3/8/17 1:46 AM
3/8/2017,Wed,7:31 AM,0.4,12,H,3/8/17 7:31 AM
3/8/2017,Wed,2:20 AM,0,0,L,3/8/17 2:20 AM
3/8/2017,Wed,7:48 AM,0.4,12,H,3/8/17 7:48 AM
3/9/2017,Thu,2:46 AM,-0.1,-3,L,3/9/17 2:46 AM
3/9/2017,Thu,8:29 AM,0.4,12,H,3/9/17 8:29 AM
3/9/2017,Thu,3:16 AM,0,0,L,3/9/17 3:16 AM
3/9/2017,Thu,8:46 AM,0.4,12,H,3/9/17 8:46 AM
3/10/2017,Fri,3:40 AM,-0.2,-6,L,3/10/17 3:40 AM
3/10/2017,Fri,9:20 AM,0.4,12,H,3/10/17 9:20 AM
3/10/2017,Fri,4:07 AM,-0.1,-3,L,3/10/17 4:07 AM
3/10/2017,Fri,9:38 AM,0.4,12,H,3/10/17 9:38 AM
3/11/2017,Sat,4:29 AM,-0.2,-6,L,3/11/17 4:29 AM
3/11/2017,Sat,10:06 AM,0.4,12,H,3/11/17 10:06 AM
3/11/2017,Sat,4:53 AM,-0.1,-3,L,3/11/17 4:53 AM
3/11/2017,Sat,10:24 AM,0.4,12,H,3/11/17 10:24 AM
3/12/2017,Sun,6:15 AM,-0.2,-6,L,3/12/17 6:15 AM
3/12/2017,Sun,11:47 AM,0.4,12,H,3/12/17 11:47 AM
3/12/2017,Sun,6:37 AM,-0.1,-3,L,3/12/17 6:37 AM
3/13/2017,Mon,12:07 PM,0.4,12,H,3/13/17 12:07 PM
3/13/2017,Mon,6:57 AM,-0.1,-3,L,3/13/17 6:57 AM
3/13/2017,Mon,12:26 PM,0.4,12,H,3/13/17 12:26 PM
3/13/2017,Mon,7:18 AM,-0.1,-3,L,3/13/17 7:18 AM
3/14/2017,Tue,12:47 PM,0.4,12,H,3/14/17 12:47 PM
3/14/2017,Tue,7:38 AM,-0.1,-3,L,3/14/17 7:38 AM
3/14/2017,Tue,1:03 AM,0.4,12,H,3/14/17 1:03 AM
3/14/2017,Tue,7:57 AM,-0.1,-3,L,3/14/17 7:57 AM
3/15/2017,Wed,1:26 AM,0.4,12,H,3/15/17 1:26 AM
3/15/2017,Wed,8:18 AM,-0.1,-3,L,3/15/17 8:18 AM
3/15/2017,Wed,1:39 AM,0.4,12,H,3/15/17 1:39 AM
3/15/2017,Wed,8:36 AM,-0.1,-3,L,3/15/17 8:36 AM
3/16/2017,Thu,2:04 AM,0.4,12,H,3/16/17 2:04 AM
3/16/2017,Thu,8:57 AM,0,0,L,3/16/17 8:57 AM
3/16/2017,Thu,2:15 AM,0.4,12,H,3/16/17 2:15 AM
3/16/2017,Thu,9:14 AM,-0.1,-3,L,3/16/17 9:14 AM
3/17/2017,Fri,2:43 AM,0.4,12,H,3/17/17 2:43 AM
3/17/2017,Fri,9:36 AM,0.1,3,L,3/17/17 9:36 AM
3/17/2017,Fri,2:51 AM,0.4,12,H,3/17/17 2:51 AM
3/17/2017,Fri,9:54 AM,0,0,L,3/17/17 9:54 AM
3/18/2017,Sat,3:24 AM,0.4,12,H,3/18/17 3:24 AM
3/18/2017,Sat,10:18 AM,0.1,3,L,3/18/17 10:18 AM
3/18/2017,Sat,3:31 AM,0.3,9,H,3/18/17 3:31 AM
3/18/2017,Sat,10:37 AM,0,0,L,3/18/17 10:37 AM
3/19/2017,Sun,4:08 AM,0.3,9,H,3/19/17 4:08 AM
3/19/2017,Sun,11:05 AM,0.2,6,L,3/19/17 11:05 AM
3/19/2017,Sun,4:15 AM,0.3,9,H,3/19/17 4:15 AM
3/19/2017,Sun,11:27 AM,0.1,3,L,3/19/17 11:27 AM
3/20/2017,Mon,4:59 AM,0.3,9,H,3/20/17 4:59 AM
3/20/2017,Mon,11:59 AM,0.2,6,L,3/20/17 11:59 AM
3/20/2017,Mon,5:08 AM,0.3,9,H,3/20/17 5:08 AM
3/21/2017,Tue,12:24 PM,0.1,3,L,3/21/17 12:24 PM
3/21/2017,Tue,5:58 AM,0.3,9,H,3/21/17 5:58 AM
3/21/2017,Tue,1:01 AM,0.2,6,L,3/21/17 1:01 AM
3/21/2017,Tue,6:09 AM,0.3,9,H,3/21/17 6:09 AM
3/22/2017,Wed,1:26 AM,0.1,3,L,3/22/17 1:26 AM
3/22/2017,Wed,7:01 AM,0.3,9,H,3/22/17 7:01 AM
3/22/2017,Wed,2:02 AM,0.2,6,L,3/22/17 2:02 AM
3/22/2017,Wed,7:14 AM,0.3,9,H,3/22/17 7:14 AM
3/23/2017,Thu,2:25 AM,0.1,3,L,3/23/17 2:25 AM
3/23/2017,Thu,8:01 AM,0.3,9,H,3/23/17 8:01 AM
3/23/2017,Thu,2:58 AM,0.2,6,L,3/23/17 2:58 AM
3/23/2017,Thu,8:17 AM,0.3,9,H,3/23/17 8:17 AM
3/24/2017,Fri,3:19 AM,0,0,L,3/24/17 3:19 AM
3/24/2017,Fri,8:56 AM,0.4,12,H,3/24/17 8:56 AM
3/24/2017,Fri,3:48 AM,0.1,3,L,3/24/17 3:48 AM
3/24/2017,Fri,9:14 AM,0.4,12,H,3/24/17 9:14 AM
3/25/2017,Sat,4:09 AM,0,0,L,3/25/17 4:09 AM
3/25/2017,Sat,9:46 AM,0.4,12,H,3/25/17 9:46 AM
3/25/2017,Sat,4:34 AM,0,0,L,3/25/17 4:34 AM
3/25/2017,Sat,10:05 AM,0.4,12,H,3/25/17 10:05 AM
3/26/2017,Sun,4:56 AM,-0.1,-3,L,3/26/17 4:56 AM
3/26/2017,Sun,10:32 AM,0.4,12,H,3/26/17 10:32 AM
3/26/2017,Sun,5:19 AM,-0.1,-3,L,3/26/17 5:19 AM
3/26/2017,Sun,10:54 AM,0.4,12,H,3/26/17 10:54 AM
3/27/2017,Mon,5:42 AM,-0.1,-3,L,3/27/17 5:42 AM
3/27/2017,Mon,11:16 AM,0.4,12,H,3/27/17 11:16 AM
3/27/2017,Mon,6:03 AM,-0.2,-6,L,3/27/17 6:03 AM
3/27/2017,Mon,11:41 AM,0.5,15,H,3/27/17 11:41 AM
3/28/2017,Tue,6:27 AM,-0.1,-3,L,3/28/17 6:27 AM
3/28/2017,Tue,12:00 PM,0.5,15,H,3/28/17 12:00 PM
3/28/2017,Tue,6:47 AM,-0.2,-6,L,3/28/17 6:47 AM
3/29/2017,Wed,12:28 PM,0.5,15,H,3/29/17 12:28 PM
3/29/2017,Wed,7:13 AM,-0.2,-6,L,3/29/17 7:13 AM
3/29/2017,Wed,12:45 PM,0.5,15,H,3/29/17 12:45 PM
3/29/2017,Wed,7:33 AM,-0.2,-6,L,3/29/17 7:33 AM
3/30/2017,Thu,1:16 AM,0.5,15,H,3/30/17 1:16 AM
3/30/2017,Thu,8:01 AM,-0.1,-3,L,3/30/17 8:01 AM
3/30/2017,Thu,1:31 AM,0.5,15,H,3/30/17 1:31 AM
3/30/2017,Thu,8:21 AM,-0.2,-6,L,3/30/17 8:21 AM
3/31/2017,Fri,2:06 AM,0.5,15,H,3/31/17 2:06 AM
3/31/2017,Fri,8:50 AM,-0.1,-3,L,3/31/17 8:50 AM
3/31/2017,Fri,2:19 AM,0.4,12,H,3/31/17 2:19 AM
3/31/2017,Fri,9:13 AM,-0.2,-6,L,3/31/17 9:13 AM
4/1/2017,Sat,2:58 AM,0.5,15,H,4/1/17 2:58 AM
4/1/2017,Sat,9:44 AM,0,0,L,4/1/17 9:44 AM
4/1/2017,Sat,3:11 AM,0.4,12,H,4/1/17 3:11 AM
4/1/2017,Sat,10:09 AM,-0.2,-6,L,4/1/17 10:09 AM
4/2/2017,Sun,3:54 AM,0.4,12,H,4/2/17 3:54 AM
4/2/2017,Sun,10:43 AM,0,0,L,4/2/17 10:43 AM
4/2/2017,Sun,4:08 AM,0.4,12,H,4/2/17 4:08 AM
4/2/2017,Sun,11:11 AM,-0.1,-3,L,4/2/17 11:11 AM
4/3/2017,Mon,4:54 AM,0.4,12,H,4/3/17 4:54 AM
4/3/2017,Mon,11:48 AM,0.1,3,L,4/3/17 11:48 AM
4/3/2017,Mon,5:11 AM,0.4,12,H,4/3/17 5:11 AM
4/4/2017,Tue,12:18 PM,-0.1,-3,L,4/4/17 12:18 PM
4/4/2017,Tue,6:00 AM,0.4,12,H,4/4/17 6:00 AM
4/4/2017,Tue,12:57 PM,0.1,3,L,4/4/17 12:57 PM
4/4/2017,Tue,6:20 AM,0.4,12,H,4/4/17 6:20 AM
4/5/2017,Wed,1:26 AM,0,0,L,4/5/17 1:26 AM
4/5/2017,Wed,7:07 AM,0.4,12,H,4/5/17 7:07 AM
4/5/2017,Wed,2:03 AM,0.1,3,L,4/5/17 2:03 AM
4/5/2017,Wed,7:30 AM,0.4,12,H,4/5/17 7:30 AM
4/6/2017,Thu,2:31 AM,0,0,L,4/6/17 2:31 AM
4/6/2017,Thu,8:10 AM,0.4,12,H,4/6/17 8:10 AM
4/6/2017,Thu,3:04 AM,0,0,L,4/6/17 3:04 AM
4/6/2017,Thu,8:34 AM,0.4,12,H,4/6/17 8:34 AM
4/7/2017,Fri,3:30 AM,0,0,L,4/7/17 3:30 AM
4/7/2017,Fri,9:06 AM,0.4,12,H,4/7/17 9:06 AM
4/7/2017,Fri,3:58 AM,0,0,L,4/7/17 3:58 AM
4/7/2017,Fri,9:30 AM,0.4,12,H,4/7/17 9:30 AM
4/8/2017,Sat,4:22 AM,0,0,L,4/8/17 4:22 AM
4/8/2017,Sat,9:56 AM,0.4,12,H,4/8/17 9:56 AM
4/8/2017,Sat,4:46 AM,0,0,L,4/8/17 4:46 AM
4/8/2017,Sat,10:20 AM,0.4,12,H,4/8/17 10:20 AM
4/9/2017,Sun,5:10 AM,0,0,L,4/9/17 5:10 AM
4/9/2017,Sun,10:40 AM,0.4,12,H,4/9/17 10:40 AM
4/9/2017,Sun,5:30 AM,-0.1,-3,L,4/9/17 5:30 AM
4/9/2017,Sun,11:04 AM,0.4,12,H,4/9/17 11:04 AM
4/10/2017,Mon,5:53 AM,0,0,L,4/10/17 5:53 AM
4/10/2017,Mon,11:19 AM,0.4,12,H,4/10/17 11:19 AM
4/10/2017,Mon,6:11 AM,-0.1,-3,L,4/10/17 6:11 AM
4/10/2017,Mon,11:44 AM,0.4,12,H,4/10/17 11:44 AM
4/11/2017,Tue,6:34 AM,0,0,L,4/11/17 6:34 AM
4/11/2017,Tue,11:57 AM,0.4,12,H,4/11/17 11:57 AM
4/11/2017,Tue,6:49 AM,-0.1,-3,L,4/11/17 6:49 AM
4/12/2017,Wed,12:22 PM,0.4,12,H,4/12/17 12:22 PM
4/12/2017,Wed,7:12 AM,0,0,L,4/12/17 7:12 AM
4/12/2017,Wed,12:32 PM,0.4,12,H,4/12/17 12:32 PM
4/12/2017,Wed,7:26 AM,-0.1,-3,L,4/12/17 7:26 AM
4/13/2017,Thu,12:59 PM,0.4,12,H,4/13/17 12:59 PM
4/13/2017,Thu,7:50 AM,0,0,L,4/13/17 7:50 AM
4/13/2017,Thu,1:07 AM,0.4,12,H,4/13/17 1:07 AM
4/13/2017,Thu,8:03 AM,-0.1,-3,L,4/13/17 8:03 AM
4/14/2017,Fri,1:36 AM,0.4,12,H,4/14/17 1:36 AM
4/14/2017,Fri,8:26 AM,0.1,3,L,4/14/17 8:26 AM
4/14/2017,Fri,1:43 AM,0.4,12,H,4/14/17 1:43 AM
4/14/2017,Fri,8:39 AM,0,0,L,4/14/17 8:39 AM
4/15/2017,Sat,2:13 AM,0.4,12,H,4/15/17 2:13 AM
4/15/2017,Sat,9:03 AM,0.1,3,L,4/15/17 9:03 AM
4/15/2017,Sat,2:19 AM,0.4,12,H,4/15/17 2:19 AM
4/15/2017,Sat,9:16 AM,0,0,L,4/15/17 9:16 AM
4/16/2017,Sun,2:53 AM,0.4,12,H,4/16/17 2:53 AM
4/16/2017,Sun,9:42 AM,0.2,6,L,4/16/17 9:42 AM
4/16/2017,Sun,2:59 AM,0.4,12,H,4/16/17 2:59 AM
4/16/2017,Sun,9:56 AM,0.1,3,L,4/16/17 9:56 AM
4/17/2017,Mon,3:35 AM,0.4,12,H,4/17/17 3:35 AM
4/17/2017,Mon,10:25 AM,0.2,6,L,4/17/17 10:25 AM
4/17/2017,Mon,3:42 AM,0.3,9,H,4/17/17 3:42 AM
4/17/2017,Mon,10:41 AM,0.1,3,L,4/17/17 10:41 AM
4/18/2017,Tue,4:23 AM,0.4,12,H,4/18/17 4:23 AM
4/18/2017,Tue,11:16 AM,0.2,6,L,4/18/17 11:16 AM
4/18/2017,Tue,4:33 AM,0.3,9,H,4/18/17 4:33 AM
4/18/2017,Tue,11:36 AM,0.1,3,L,4/18/17 11:36 AM
4/19/2017,Wed,5:17 AM,0.3,9,H,4/19/17 5:17 AM
4/19/2017,Wed,12:15 PM,0.2,6,L,4/19/17 12:15 PM
4/19/2017,Wed,5:32 AM,0.3,9,H,4/19/17 5:32 AM
4/20/2017,Thu,12:38 PM,0.2,6,L,4/20/17 12:38 PM
4/20/2017,Thu,6:16 AM,0.3,9,H,4/20/17 6:16 AM
4/20/2017,Thu,1:17 AM,0.2,6,L,4/20/17 1:17 AM
4/20/2017,Thu,6:36 AM,0.3,9,H,4/20/17 6:36 AM
4/21/2017,Fri,1:41 AM,0.1,3,L,4/21/17 1:41 AM
4/21/2017,Fri,7:16 AM,0.4,12,H,4/21/17 7:16 AM
4/21/2017,Fri,2:16 AM,0.2,6,L,4/21/17 2:16 AM
4/21/2017,Fri,7:41 AM,0.4,12,H,4/21/17 7:41 AM
4/22/2017,Sat,2:40 AM,0.1,3,L,4/22/17 2:40 AM
4/22/2017,Sat,8:13 AM,0.4,12,H,4/22/17 8:13 AM
4/22/2017,Sat,3:09 AM,0.1,3,L,4/22/17 3:09 AM
4/22/2017,Sat,8:41 AM,0.4,12,H,4/22/17 8:41 AM
4/23/2017,Sun,3:34 AM,0,0,L,4/23/17 3:34 AM
4/23/2017,Sun,9:06 AM,0.4,12,H,4/23/17 9:06 AM
4/23/2017,Sun,3:59 AM,0,0,L,4/23/17 3:59 AM
4/23/2017,Sun,9:36 AM,0.4,12,H,4/23/17 9:36 AM
4/24/2017,Mon,4:26 AM,0,0,L,4/24/17 4:26 AM
4/24/2017,Mon,9:57 AM,0.4,12,H,4/24/17 9:57 AM
4/24/2017,Mon,4:48 AM,-0.1,-3,L,4/24/17 4:48 AM
4/24/2017,Mon,10:29 AM,0.5,15,H,4/24/17 10:29 AM
4/25/2017,Tue,5:15 AM,-0.1,-3,L,4/25/17 5:15 AM
4/25/2017,Tue,10:45 AM,0.5,15,H,4/25/17 10:45 AM
4/25/2017,Tue,5:35 AM,-0.2,-6,L,4/25/17 5:35 AM
4/25/2017,Tue,11:19 AM,0.5,15,H,4/25/17 11:19 AM
4/26/2017,Wed,6:04 AM,-0.1,-3,L,4/26/17 6:04 AM
4/26/2017,Wed,11:33 AM,0.5,15,H,4/26/17 11:33 AM
4/26/2017,Wed,6:23 AM,-0.3,-9,L,4/26/17 6:23 AM
4/27/2017,Thu,12:08 PM,0.5,15,H,4/27/17 12:08 PM
4/27/2017,Thu,6:53 AM,-0.1,-3,L,4/27/17 6:53 AM
4/27/2017,Thu,12:21 PM,0.5,15,H,4/27/17 12:21 PM
4/27/2017,Thu,7:12 AM,-0.3,-9,L,4/27/17 7:12 AM
4/28/2017,Fri,12:58 PM,0.5,15,H,4/28/17 12:58 PM
4/28/2017,Fri,7:43 AM,-0.1,-3,L,4/28/17 7:43 AM
4/28/2017,Fri,1:11 AM,0.5,15,H,4/28/17 1:11 AM
4/28/2017,Fri,8:03 AM,-0.3,-9,L,4/28/17 8:03 AM
4/29/2017,Sat,1:50 AM,0.5,15,H,4/29/17 1:50 AM
4/29/2017,Sat,8:35 AM,-0.1,-3,L,4/29/17 8:35 AM
4/29/2017,Sat,2:02 AM,0.5,15,H,4/29/17 2:02 AM
4/29/2017,Sat,8:57 AM,-0.2,-6,L,4/29/17 8:57 AM
4/30/2017,Sun,2:42 AM,0.5,15,H,4/30/17 2:42 AM
4/30/2017,Sun,9:31 AM,0,0,L,4/30/17 9:31 AM
4/30/2017,Sun,2:57 AM,0.4,12,H,4/30/17 2:57 AM
4/30/2017,Sun,9:54 AM,-0.2,-6,L,4/30/17 9:54 AM
5/1/2017,Mon,3:38 AM,0.5,15,H,5/1/17 3:38 AM
5/1/2017,Mon,10:30 AM,0,0,L,5/1/17 10:30 AM
5/1/2017,Mon,3:55 AM,0.4,12,H,5/1/17 3:55 AM
5/1/2017,Mon,10:56 AM,-0.1,-3,L,5/1/17 10:56 AM
5/2/2017,Tue,4:36 AM,0.4,12,H,5/2/17 4:36 AM
5/2/2017,Tue,11:35 AM,0.1,3,L,5/2/17 11:35 AM
5/2/2017,Tue,4:57 AM,0.4,12,H,5/2/17 4:57 AM
5/3/2017,Wed,12:02 PM,0,0,L,5/3/17 12:02 PM
5/3/2017,Wed,5:38 AM,0.4,12,H,5/3/17 5:38 AM
5/3/2017,Wed,12:41 PM,0.1,3,L,5/3/17 12:41 PM
5/3/2017,Wed,6:04 AM,0.4,12,H,5/3/17 6:04 AM
5/4/2017,Thu,1:08 AM,0,0,L,5/4/17 1:08 AM
5/4/2017,Thu,6:41 AM,0.4,12,H,5/4/17 6:41 AM
5/4/2017,Thu,1:44 AM,0.1,3,L,5/4/17 1:44 AM
5/4/2017,Thu,7:10 AM,0.4,12,H,5/4/17 7:10 AM
5/5/2017,Fri,2:11 AM,0.1,3,L,5/5/17 2:11 AM
5/5/2017,Fri,7:41 AM,0.4,12,H,5/5/17 7:41 AM
5/5/2017,Fri,2:42 AM,0,0,L,5/5/17 2:42 AM
5/5/2017,Fri,8:13 AM,0.4,12,H,5/5/17 8:13 AM
5/6/2017,Sat,3:08 AM,0.1,3,L,5/6/17 3:08 AM
5/6/2017,Sat,8:36 AM,0.4,12,H,5/6/17 8:36 AM
5/6/2017,Sat,3:34 AM,0,0,L,5/6/17 3:34 AM
5/6/2017,Sat,9:08 AM,0.4,12,H,5/6/17 9:08 AM
5/7/2017,Sun,3:59 AM,0.1,3,L,5/7/17 3:59 AM
5/7/2017,Sun,9:25 AM,0.4,12,H,5/7/17 9:25 AM
5/7/2017,Sun,4:20 AM,0,0,L,5/7/17 4:20 AM
5/7/2017,Sun,9:56 AM,0.4,12,H,5/7/17 9:56 AM
5/8/2017,Mon,4:45 AM,0.1,3,L,5/8/17 4:45 AM
5/8/2017,Mon,10:08 AM,0.4,12,H,5/8/17 10:08 AM
5/8/2017,Mon,5:03 AM,0,0,L,5/8/17 5:03 AM
5/8/2017,Mon,10:39 AM,0.4,12,H,5/8/17 10:39 AM
5/9/2017,Tue,5:28 AM,0.1,3,L,5/9/17 5:28 AM
5/9/2017,Tue,10:48 AM,0.4,12,H,5/9/17 10:48 AM
5/9/2017,Tue,5:42 AM,-0.1,-3,L,5/9/17 5:42 AM
5/9/2017,Tue,11:19 AM,0.4,12,H,5/9/17 11:19 AM
5/10/2017,Wed,6:07 AM,0.1,3,L,5/10/17 6:07 AM
5/10/2017,Wed,11:26 AM,0.4,12,H,5/10/17 11:26 AM
5/10/2017,Wed,6:20 AM,-0.1,-3,L,5/10/17 6:20 AM
5/10/2017,Wed,11:56 AM,0.4,12,H,5/10/17 11:56 AM
5/11/2017,Thu,6:46 AM,0.1,3,L,5/11/17 6:46 AM
5/11/2017,Thu,12:02 PM,0.4,12,H,5/11/17 12:02 PM
5/11/2017,Thu,6:57 AM,-0.1,-3,L,5/11/17 6:57 AM
5/12/2017,Fri,12:33 PM,0.4,12,H,5/12/17 12:33 PM
5/12/2017,Fri,7:23 AM,0.1,3,L,5/12/17 7:23 AM
5/12/2017,Fri,12:39 PM,0.4,12,H,5/12/17 12:39 PM
5/12/2017,Fri,7:33 AM,0,0,L,5/12/17 7:33 AM
5/13/2017,Sat,1:10 AM,0.4,12,H,5/13/17 1:10 AM
5/13/2017,Sat,7:59 AM,0.1,3,L,5/13/17 7:59 AM
5/13/2017,Sat,1:16 AM,0.4,12,H,5/13/17 1:16 AM
5/13/2017,Sat,8:08 AM,0,0,L,5/13/17 8:08 AM
5/14/2017,Sun,1:48 AM,0.4,12,H,5/14/17 1:48 AM
5/14/2017,Sun,8:36 AM,0.1,3,L,5/14/17 8:36 AM
5/14/2017,Sun,1:54 AM,0.4,12,H,5/14/17 1:54 AM
5/14/2017,Sun,8:45 AM,0,0,L,5/14/17 8:45 AM
5/15/2017,Mon,2:28 AM,0.4,12,H,5/15/17 2:28 AM
5/15/2017,Mon,9:14 AM,0.2,6,L,5/15/17 9:14 AM
5/15/2017,Mon,2:34 AM,0.4,12,H,5/15/17 2:34 AM
5/15/2017,Mon,9:23 AM,0.1,3,L,5/15/17 9:23 AM
5/16/2017,Tue,3:09 AM,0.4,12,H,5/16/17 3:09 AM
5/16/2017,Tue,9:55 AM,0.2,6,L,5/16/17 9:55 AM
5/16/2017,Tue,3:17 AM,0.3,9,H,5/16/17 3:17 AM
5/16/2017,Tue,10:07 AM,0.1,3,L,5/16/17 10:07 AM
5/17/2017,Wed,3:54 AM,0.4,12,H,5/17/17 3:54 AM
5/17/2017,Wed,10:43 AM,0.2,6,L,5/17/17 10:43 AM
5/17/2017,Wed,4:06 AM,0.3,9,H,5/17/17 4:06 AM
5/17/2017,Wed,10:58 AM,0.1,3,L,5/17/17 10:58 AM
5/18/2017,Thu,4:43 AM,0.4,12,H,5/18/17 4:43 AM
5/18/2017,Thu,11:38 AM,0.2,6,L,5/18/17 11:38 AM
5/18/2017,Thu,5:02 AM,0.3,9,H,5/18/17 5:02 AM
5/18/2017,Thu,11:57 AM,0.1,3,L,5/18/17 11:57 AM
5/19/2017,Fri,5:36 AM,0.4,12,H,5/19/17 5:36 AM
5/19/2017,Fri,12:37 PM,0.1,3,L,5/19/17 12:37 PM
5/19/2017,Fri,6:04 AM,0.3,9,H,5/19/17 6:04 AM
5/20/2017,Sat,1:01 AM,0.1,3,L,5/20/17 1:01 AM
5/20/2017,Sat,6:32 AM,0.4,12,H,5/20/17 6:32 AM
5/20/2017,Sat,1:36 AM,0.1,3,L,5/20/17 1:36 AM
5/20/2017,Sat,7:07 AM,0.4,12,H,5/20/17 7:07 AM
5/21/2017,Sun,2:03 AM,0.1,3,L,5/21/17 2:03 AM
5/21/2017,Sun,7:30 AM,0.4,12,H,5/21/17 7:30 AM
5/21/2017,Sun,2:33 AM,0,0,L,5/21/17 2:33 AM
5/21/2017,Sun,8:10 AM,0.4,12,H,5/21/17 8:10 AM
5/22/2017,Mon,3:01 AM,0.1,3,L,5/22/17 3:01 AM
5/22/2017,Mon,8:27 AM,0.4,12,H,5/22/17 8:27 AM
5/22/2017,Mon,3:27 AM,-0.1,-3,L,5/22/17 3:27 AM
5/22/2017,Mon,9:09 AM,0.4,12,H,5/22/17 9:09 AM
5/23/2017,Tue,3:57 AM,0,0,L,5/23/17 3:57 AM
5/23/2017,Tue,9:22 AM,0.4,12,H,5/23/17 9:22 AM
5/23/2017,Tue,4:19 AM,-0.2,-6,L,5/23/17 4:19 AM
5/23/2017,Tue,10:04 AM,0.5,15,H,5/23/17 10:04 AM
5/24/2017,Wed,4:50 AM,0,0,L,5/24/17 4:50 AM
5/24/2017,Wed,10:16 AM,0.4,12,H,5/24/17 10:16 AM
5/24/2017,Wed,5:10 AM,-0.2,-6,L,5/24/17 5:10 AM
5/24/2017,Wed,10:58 AM,0.5,15,H,5/24/17 10:58 AM
5/25/2017,Thu,5:42 AM,-0.1,-3,L,5/25/17 5:42 AM
5/25/2017,Thu,11:09 AM,0.5,15,H,5/25/17 11:09 AM
5/25/2017,Thu,6:02 AM,-0.3,-9,L,5/25/17 6:02 AM
5/25/2017,Thu,11:50 AM,0.5,15,H,5/25/17 11:50 AM
5/26/2017,Fri,6:34 AM,-0.1,-3,L,5/26/17 6:34 AM
5/26/2017,Fri,12:01 PM,0.5,15,H,5/26/17 12:01 PM
5/26/2017,Fri,6:54 AM,-0.3,-9,L,5/26/17 6:54 AM
5/27/2017,Sat,12:42 PM,0.5,15,H,5/27/17 12:42 PM
5/27/2017,Sat,7:26 AM,-0.1,-3,L,5/27/17 7:26 AM
5/27/2017,Sat,12:53 PM,0.5,15,H,5/27/17 12:53 PM
5/27/2017,Sat,7:47 AM,-0.3,-9,L,5/27/17 7:47 AM
5/28/2017,Sun,1:33 AM,0.5,15,H,5/28/17 1:33 AM
5/28/2017,Sun,8:20 AM,-0.1,-3,L,5/28/17 8:20 AM
5/28/2017,Sun,1:47 AM,0.5,15,H,5/28/17 1:47 AM
5/28/2017,Sun,8:41 AM,-0.2,-6,L,5/28/17 8:41 AM
5/29/2017,Mon,2:26 AM,0.5,15,H,5/29/17 2:26 AM
5/29/2017,Mon,9:16 AM,-0.1,-3,L,5/29/17 9:16 AM
5/29/2017,Mon,2:42 AM,0.4,12,H,5/29/17 2:42 AM
5/29/2017,Mon,9:38 AM,-0.2,-6,L,5/29/17 9:38 AM
5/30/2017,Tue,3:19 AM,0.5,15,H,5/30/17 3:19 AM
5/30/2017,Tue,10:15 AM,0,0,L,5/30/17 10:15 AM
5/30/2017,Tue,3:39 AM,0.4,12,H,5/30/17 3:39 AM
5/30/2017,Tue,10:38 AM,-0.1,-3,L,5/30/17 10:38 AM
5/31/2017,Wed,4:14 AM,0.4,12,H,5/31/17 4:14 AM
5/31/2017,Wed,11:16 AM,0,0,L,5/31/17 11:16 AM
5/31/2017,Wed,4:38 AM,0.4,12,H,5/31/17 4:38 AM
5/31/2017,Wed,11:40 AM,0,0,L,5/31/17 11:40 AM
6/1/2017,Thu,5:10 AM,0.4,12,H,6/1/17 5:10 AM
6/1/2017,Thu,12:18 PM,0,0,L,6/1/17 12:18 PM
6/1/2017,Thu,5:40 AM,0.4,12,H,6/1/17 5:40 AM
6/2/2017,Fri,12:43 PM,0,0,L,6/2/17 12:43 PM
6/2/2017,Fri,6:08 AM,0.4,12,H,6/2/17 6:08 AM
6/2/2017,Fri,1:17 AM,0,0,L,6/2/17 1:17 AM
6/2/2017,Fri,6:43 AM,0.4,12,H,6/2/17 6:43 AM
6/3/2017,Sat,1:43 AM,0.1,3,L,6/3/17 1:43 AM
6/3/2017,Sat,7:04 AM,0.4,12,H,6/3/17 7:04 AM
6/3/2017,Sat,2:13 AM,0,0,L,6/3/17 2:13 AM
6/3/2017,Sat,7:43 AM,0.4,12,H,6/3/17 7:43 AM
6/4/2017,Sun,2:39 AM,0.1,3,L,6/4/17 2:39 AM
6/4/2017,Sun,7:58 AM,0.4,12,H,6/4/17 7:58 AM
6/4/2017,Sun,3:03 AM,0,0,L,6/4/17 3:03 AM
6/4/2017,Sun,8:38 AM,0.4,12,H,6/4/17 8:38 AM
6/5/2017,Mon,3:30 AM,0.1,3,L,6/5/17 3:30 AM
6/5/2017,Mon,8:48 AM,0.4,12,H,6/5/17 8:48 AM
6/5/2017,Mon,3:50 AM,0,0,L,6/5/17 3:50 AM
6/5/2017,Mon,9:27 AM,0.4,12,H,6/5/17 9:27 AM
6/6/2017,Tue,4:16 AM,0.1,3,L,6/6/17 4:16 AM
6/6/2017,Tue,9:33 AM,0.4,12,H,6/6/17 9:33 AM
6/6/2017,Tue,4:33 AM,0,0,L,6/6/17 4:33 AM
6/6/2017,Tue,10:11 AM,0.4,12,H,6/6/17 10:11 AM
6/7/2017,Wed,4:59 AM,0.1,3,L,6/7/17 4:59 AM
6/7/2017,Wed,10:15 AM,0.4,12,H,6/7/17 10:15 AM
6/7/2017,Wed,5:13 AM,-0.1,-3,L,6/7/17 5:13 AM
6/7/2017,Wed,10:51 AM,0.4,12,H,6/7/17 10:51 AM
6/8/2017,Thu,5:40 AM,0.1,3,L,6/8/17 5:40 AM
6/8/2017,Thu,10:55 AM,0.4,12,H,6/8/17 10:55 AM
6/8/2017,Thu,5:52 AM,-0.1,-3,L,6/8/17 5:52 AM
6/8/2017,Thu,11:31 AM,0.4,12,H,6/8/17 11:31 AM
6/9/2017,Fri,6:19 AM,0.1,3,L,6/9/17 6:19 AM
6/9/2017,Fri,11:34 AM,0.4,12,H,6/9/17 11:34 AM
6/9/2017,Fri,6:30 AM,-0.1,-3,L,6/9/17 6:30 AM
6/10/2017,Sat,12:09 PM,0.4,12,H,6/10/17 12:09 PM
6/10/2017,Sat,6:57 AM,0.1,3,L,6/10/17 6:57 AM
6/10/2017,Sat,12:13 PM,0.4,12,H,6/10/17 12:13 PM
6/10/2017,Sat,7:06 AM,-0.1,-3,L,6/10/17 7:06 AM
6/11/2017,Sun,12:47 PM,0.4,12,H,6/11/17 12:47 PM
6/11/2017,Sun,7:34 AM,0.1,3,L,6/11/17 7:34 AM
6/11/2017,Sun,12:52 PM,0.4,12,H,6/11/17 12:52 PM
6/11/2017,Sun,7:42 AM,0,0,L,6/11/17 7:42 AM
6/12/2017,Mon,1:26 AM,0.4,12,H,6/12/17 1:26 AM
6/12/2017,Mon,8:11 AM,0.1,3,L,6/12/17 8:11 AM
6/12/2017,Mon,1:32 AM,0.4,12,H,6/12/17 1:32 AM
6/12/2017,Mon,8:19 AM,0,0,L,6/12/17 8:19 AM
6/13/2017,Tue,2:05 AM,0.4,12,H,6/13/17 2:05 AM
6/13/2017,Tue,8:49 AM,0.1,3,L,6/13/17 8:49 AM
6/13/2017,Tue,2:13 AM,0.4,12,H,6/13/17 2:13 AM
6/13/2017,Tue,8:58 AM,0,0,L,6/13/17 8:58 AM
6/14/2017,Wed,2:46 AM,0.4,12,H,6/14/17 2:46 AM
6/14/2017,Wed,9:30 AM,0.1,3,L,6/14/17 9:30 AM
6/14/2017,Wed,2:57 AM,0.4,12,H,6/14/17 2:57 AM
6/14/2017,Wed,9:41 AM,0,0,L,6/14/17 9:41 AM
6/15/2017,Thu,3:28 AM,0.4,12,H,6/15/17 3:28 AM
6/15/2017,Thu,10:15 AM,0.1,3,L,6/15/17 10:15 AM
6/15/2017,Thu,3:44 AM,0.3,9,H,6/15/17 3:44 AM
6/15/2017,Thu,10:30 AM,0.1,3,L,6/15/17 10:30 AM
6/16/2017,Fri,4:12 AM,0.4,12,H,6/16/17 4:12 AM
6/16/2017,Fri,11:06 AM,0.1,3,L,6/16/17 11:06 AM
6/16/2017,Fri,4:37 AM,0.4,12,H,6/16/17 4:37 AM
6/16/2017,Fri,11:26 AM,0.1,3,L,6/16/17 11:26 AM
6/17/2017,Sat,5:01 AM,0.4,12,H,6/17/17 5:01 AM
6/17/2017,Sat,12:03 PM,0.1,3,L,6/17/17 12:03 PM
6/17/2017,Sat,5:36 AM,0.4,12,H,6/17/17 5:36 AM
6/18/2017,Sun,12:27 PM,0.1,3,L,6/18/17 12:27 PM
6/18/2017,Sun,5:55 AM,0.4,12,H,6/18/17 5:55 AM
6/18/2017,Sun,1:02 AM,0,0,L,6/18/17 1:02 AM
6/18/2017,Sun,6:39 AM,0.4,12,H,6/18/17 6:39 AM
6/19/2017,Mon,1:31 AM,0.1,3,L,6/19/17 1:31 AM
6/19/2017,Mon,6:53 AM,0.4,12,H,6/19/17 6:53 AM
6/19/2017,Mon,2:01 AM,-0.1,-3,L,6/19/17 2:01 AM
6/19/2017,Mon,7:42 AM,0.4,12,H,6/19/17 7:42 AM
6/20/2017,Tue,2:32 AM,0,0,L,6/20/17 2:32 AM
6/20/2017,Tue,7:54 AM,0.4,12,H,6/20/17 7:54 AM
6/20/2017,Tue,2:59 AM,-0.1,-3,L,6/20/17 2:59 AM
6/20/2017,Tue,8:44 AM,0.4,12,H,6/20/17 8:44 AM
6/21/2017,Wed,3:31 AM,0,0,L,6/21/17 3:31 AM
6/21/2017,Wed,8:54 AM,0.4,12,H,6/21/17 8:54 AM
6/21/2017,Wed,3:55 AM,-0.2,-6,L,6/21/17 3:55 AM
6/21/2017,Wed,9:43 AM,0.5,15,H,6/21/17 9:43 AM
6/22/2017,Thu,4:28 AM,0,0,L,6/22/17 4:28 AM
6/22/2017,Thu,9:52 AM,0.4,12,H,6/22/17 9:52 AM
6/22/2017,Thu,4:50 AM,-0.3,-9,L,6/22/17 4:50 AM
6/22/2017,Thu,10:39 AM,0.5,15,H,6/22/17 10:39 AM
6/23/2017,Fri,5:22 AM,-0.1,-3,L,6/23/17 5:22 AM
6/23/2017,Fri,10:49 AM,0.4,12,H,6/23/17 10:49 AM
6/23/2017,Fri,5:44 AM,-0.3,-9,L,6/23/17 5:44 AM
6/23/2017,Fri,11:33 AM,0.5,15,H,6/23/17 11:33 AM
6/24/2017,Sat,6:16 AM,-0.1,-3,L,6/24/17 6:16 AM
6/24/2017,Sat,11:43 AM,0.5,15,H,6/24/17 11:43 AM
6/24/2017,Sat,6:37 AM,-0.3,-9,L,6/24/17 6:37 AM
6/25/2017,Sun,12:25 PM,0.5,15,H,6/25/17 12:25 PM
6/25/2017,Sun,7:09 AM,-0.1,-3,L,6/25/17 7:09 AM
6/25/2017,Sun,12:37 PM,0.5,15,H,6/25/17 12:37 PM
6/25/2017,Sun,7:31 AM,-0.3,-9,L,6/25/17 7:31 AM
6/26/2017,Mon,1:16 AM,0.5,15,H,6/26/17 1:16 AM
6/26/2017,Mon,8:03 AM,-0.1,-3,L,6/26/17 8:03 AM
6/26/2017,Mon,1:30 AM,0.5,15,H,6/26/17 1:30 AM
6/26/2017,Mon,8:24 AM,-0.2,-6,L,6/26/17 8:24 AM
6/27/2017,Tue,2:06 AM,0.5,15,H,6/27/17 2:06 AM
6/27/2017,Tue,8:58 AM,-0.1,-3,L,6/27/17 8:58 AM
6/27/2017,Tue,2:24 AM,0.4,12,H,6/27/17 2:24 AM
6/27/2017,Tue,9:19 AM,-0.2,-6,L,6/27/17 9:19 AM
6/28/2017,Wed,2:56 AM,0.5,15,H,6/28/17 2:56 AM
6/28/2017,Wed,9:53 AM,-0.1,-3,L,6/28/17 9:53 AM
6/28/2017,Wed,3:18 AM,0.4,12,H,6/28/17 3:18 AM
6/28/2017,Wed,10:15 AM,-0.1,-3,L,6/28/17 10:15 AM
6/29/2017,Thu,3:46 AM,0.4,12,H,6/29/17 3:46 AM
6/29/2017,Thu,10:50 AM,0,0,L,6/29/17 10:50 AM
6/29/2017,Thu,4:13 AM,0.4,12,H,6/29/17 4:13 AM
6/29/2017,Thu,11:12 AM,0,0,L,6/29/17 11:12 AM
6/30/2017,Fri,4:37 AM,0.4,12,H,6/30/17 4:37 AM
6/30/2017,Fri,11:47 AM,0,0,L,6/30/17 11:47 AM
6/30/2017,Fri,5:09 AM,0.4,12,H,6/30/17 5:09 AM
7/1/2017,Sat,12:11 PM,0.1,3,L,7/1/17 12:11 PM
7/1/2017,Sat,5:29 AM,0.4,12,H,7/1/17 5:29 AM
7/1/2017,Sat,12:43 PM,0,0,L,7/1/17 12:43 PM
7/1/2017,Sat,6:07 AM,0.4,12,H,7/1/17 6:07 AM
7/2/2017,Sun,1:08 AM,0.1,3,L,7/2/17 1:08 AM
7/2/2017,Sun,6:22 AM,0.4,12,H,7/2/17 6:22 AM
7/2/2017,Sun,1:37 AM,0,0,L,7/2/17 1:37 AM
7/2/2017,Sun,7:05 AM,0.4,12,H,7/2/17 7:05 AM
7/3/2017,Mon,2:04 AM,0.1,3,L,7/3/17 2:04 AM
7/3/2017,Mon,7:14 AM,0.4,12,H,7/3/17 7:14 AM
7/3/2017,Mon,2:28 AM,0,0,L,7/3/17 2:28 AM
7/3/2017,Mon,8:01 AM,0.4,12,H,7/3/17 8:01 AM
7/4/2017,Tue,2:56 AM,0.2,6,L,7/4/17 2:56 AM
7/4/2017,Tue,8:06 AM,0.3,9,H,7/4/17 8:06 AM
7/4/2017,Tue,3:16 AM,0,0,L,7/4/17 3:16 AM
7/4/2017,Tue,8:52 AM,0.4,12,H,7/4/17 8:52 AM
7/5/2017,Wed,3:44 AM,0.2,6,L,7/5/17 3:44 AM
7/5/2017,Wed,8:55 AM,0.3,9,H,7/5/17 8:55 AM
7/5/2017,Wed,4:02 AM,0,0,L,7/5/17 4:02 AM
7/5/2017,Wed,9:39 AM,0.4,12,H,7/5/17 9:39 AM
7/6/2017,Thu,4:29 AM,0.1,3,L,7/6/17 4:29 AM
7/6/2017,Thu,9:41 AM,0.4,12,H,7/6/17 9:41 AM
7/6/2017,Thu,4:44 AM,0,0,L,7/6/17 4:44 AM
7/6/2017,Thu,10:22 AM,0.4,12,H,7/6/17 10:22 AM
7/7/2017,Fri,5:12 AM,0.1,3,L,7/7/17 5:12 AM
7/7/2017,Fri,10:25 AM,0.4,12,H,7/7/17 10:25 AM
7/7/2017,Fri,5:25 AM,0,0,L,7/7/17 5:25 AM
7/7/2017,Fri,11:04 AM,0.4,12,H,7/7/17 11:04 AM
7/8/2017,Sat,5:52 AM,0.1,3,L,7/8/17 5:52 AM
7/8/2017,Sat,11:08 AM,0.4,12,H,7/8/17 11:08 AM
7/8/2017,Sat,6:04 AM,0,0,L,7/8/17 6:04 AM
7/8/2017,Sat,11:44 AM,0.4,12,H,7/8/17 11:44 AM
7/9/2017,Sun,6:31 AM,0.1,3,L,7/9/17 6:31 AM
7/9/2017,Sun,11:49 AM,0.4,12,H,7/9/17 11:49 AM
7/9/2017,Sun,6:41 AM,-0.1,-3,L,7/9/17 6:41 AM
7/10/2017,Mon,12:24 PM,0.4,12,H,7/10/17 12:24 PM
7/10/2017,Mon,7:09 AM,0.1,3,L,7/10/17 7:09 AM
7/10/2017,Mon,12:30 PM,0.4,12,H,7/10/17 12:30 PM
7/10/2017,Mon,7:18 AM,0,0,L,7/10/17 7:18 AM
7/11/2017,Tue,1:03 AM,0.4,12,H,7/11/17 1:03 AM
7/11/2017,Tue,7:46 AM,0.1,3,L,7/11/17 7:46 AM
7/11/2017,Tue,1:11 AM,0.4,12,H,7/11/17 1:11 AM
7/11/2017,Tue,7:56 AM,0,0,L,7/11/17 7:56 AM
7/12/2017,Wed,1:42 AM,0.4,12,H,7/12/17 1:42 AM
7/12/2017,Wed,8:24 AM,0.1,3,L,7/12/17 8:24 AM
7/12/2017,Wed,1:53 AM,0.4,12,H,7/12/17 1:53 AM
7/12/2017,Wed,8:35 AM,0,0,L,7/12/17 8:35 AM
7/13/2017,Thu,2:21 AM,0.4,12,H,7/13/17 2:21 AM
7/13/2017,Thu,9:05 AM,0.1,3,L,7/13/17 9:05 AM
7/13/2017,Thu,2:37 AM,0.4,12,H,7/13/17 2:37 AM
7/13/2017,Thu,9:18 AM,0,0,L,7/13/17 9:18 AM
7/14/2017,Fri,3:02 AM,0.4,12,H,7/14/17 3:02 AM
7/14/2017,Fri,9:49 AM,0,0,L,7/14/17 9:49 AM
7/14/2017,Fri,3:24 AM,0.4,12,H,7/14/17 3:24 AM
7/14/2017,Fri,10:06 AM,0,0,L,7/14/17 10:06 AM
7/15/2017,Sat,3:45 AM,0.4,12,H,7/15/17 3:45 AM
7/15/2017,Sat,10:39 AM,0,0,L,7/15/17 10:39 AM
7/15/2017,Sat,4:16 AM,0.4,12,H,7/15/17 4:16 AM
7/15/2017,Sat,11:01 AM,0.1,3,L,7/15/17 11:01 AM
7/16/2017,Sun,4:32 AM,0.4,12,H,7/16/17 4:32 AM
7/16/2017,Sun,11:34 AM,0,0,L,7/16/17 11:34 AM
7/16/2017,Sun,5:13 AM,0.4,12,H,7/16/17 5:13 AM
7/17/2017,Mon,12:01 PM,0.1,3,L,7/17/17 12:01 PM
7/17/2017,Mon,5:26 AM,0.4,12,H,7/17/17 5:26 AM
7/17/2017,Mon,12:34 PM,0,0,L,7/17/17 12:34 PM
7/17/2017,Mon,6:15 AM,0.4,12,H,7/17/17 6:15 AM
7/18/2017,Tue,1:05 AM,0.1,3,L,7/18/17 1:05 AM
7/18/2017,Tue,6:26 AM,0.4,12,H,7/18/17 6:26 AM
7/18/2017,Tue,1:36 AM,-0.1,-3,L,7/18/17 1:36 AM
7/18/2017,Tue,7:21 AM,0.4,12,H,7/18/17 7:21 AM
7/19/2017,Wed,2:10 AM,0.1,3,L,7/19/17 2:10 AM
7/19/2017,Wed,7:30 AM,0.4,12,H,7/19/17 7:30 AM
7/19/2017,Wed,2:38 AM,-0.1,-3,L,7/19/17 2:38 AM
7/19/2017,Wed,8:25 AM,0.4,12,H,7/19/17 8:25 AM
7/20/2017,Thu,3:11 AM,0.1,3,L,7/20/17 3:11 AM
7/20/2017,Thu,8:34 AM,0.4,12,H,7/20/17 8:34 AM
7/20/2017,Thu,3:37 AM,-0.2,-6,L,7/20/17 3:37 AM
7/20/2017,Thu,9:26 AM,0.4,12,H,7/20/17 9:26 AM
7/21/2017,Fri,4:10 AM,0,0,L,7/21/17 4:10 AM
7/21/2017,Fri,9:36 AM,0.4,12,H,7/21/17 9:36 AM
7/21/2017,Fri,4:34 AM,-0.2,-6,L,7/21/17 4:34 AM
7/21/2017,Fri,10:23 AM,0.5,15,H,7/21/17 10:23 AM
7/22/2017,Sat,5:06 AM,0,0,L,7/22/17 5:06 AM
7/22/2017,Sat,10:34 AM,0.5,15,H,7/22/17 10:34 AM
7/22/2017,Sat,5:29 AM,-0.2,-6,L,7/22/17 5:29 AM
7/22/2017,Sat,11:16 AM,0.5,15,H,7/22/17 11:16 AM
7/23/2017,Sun,5:59 AM,-0.1,-3,L,7/23/17 5:59 AM
7/23/2017,Sun,11:28 AM,0.5,15,H,7/23/17 11:28 AM
7/23/2017,Sun,6:22 AM,-0.3,-9,L,7/23/17 6:22 AM
7/24/2017,Mon,12:06 PM,0.5,15,H,7/24/17 12:06 PM
7/24/2017,Mon,6:52 AM,-0.1,-3,L,7/24/17 6:52 AM
7/24/2017,Mon,12:21 PM,0.5,15,H,7/24/17 12:21 PM
7/24/2017,Mon,7:14 AM,-0.2,-6,L,7/24/17 7:14 AM
7/25/2017,Tue,12:55 PM,0.5,15,H,7/25/17 12:55 PM
7/25/2017,Tue,7:43 AM,-0.1,-3,L,7/25/17 7:43 AM
7/25/2017,Tue,1:12 AM,0.5,15,H,7/25/17 1:12 AM
7/25/2017,Tue,8:05 AM,-0.2,-6,L,7/25/17 8:05 AM
7/26/2017,Wed,1:42 AM,0.5,15,H,7/26/17 1:42 AM
7/26/2017,Wed,8:34 AM,-0.1,-3,L,7/26/17 8:34 AM
7/26/2017,Wed,2:02 AM,0.5,15,H,7/26/17 2:02 AM
7/26/2017,Wed,8:55 AM,-0.1,-3,L,7/26/17 8:55 AM
7/27/2017,Thu,2:28 AM,0.5,15,H,7/27/17 2:28 AM
7/27/2017,Thu,9:25 AM,-0.1,-3,L,7/27/17 9:25 AM
7/27/2017,Thu,2:52 AM,0.4,12,H,7/27/17 2:52 AM
7/27/2017,Thu,9:47 AM,0,0,L,7/27/17 9:47 AM
7/28/2017,Fri,3:14 AM,0.4,12,H,7/28/17 3:14 AM
7/28/2017,Fri,10:16 AM,0,0,L,7/28/17 10:16 AM
7/28/2017,Fri,3:41 AM,0.4,12,H,7/28/17 3:41 AM
7/28/2017,Fri,10:39 AM,0.1,3,L,7/28/17 10:39 AM
7/29/2017,Sat,3:59 AM,0.4,12,H,7/29/17 3:59 AM
7/29/2017,Sat,11:09 AM,0,0,L,7/29/17 11:09 AM
7/29/2017,Sat,4:33 AM,0.4,12,H,7/29/17 4:33 AM
7/29/2017,Sat,11:33 AM,0.1,3,L,7/29/17 11:33 AM
7/30/2017,Sun,4:46 AM,0.4,12,H,7/30/17 4:46 AM
7/30/2017,Sun,12:02 PM,0.1,3,L,7/30/17 12:02 PM
7/30/2017,Sun,5:26 AM,0.4,12,H,7/30/17 5:26 AM
7/31/2017,Mon,12:28 PM,0.2,6,L,7/31/17 12:28 PM
7/31/2017,Mon,5:36 AM,0.4,12,H,7/31/17 5:36 AM
7/31/2017,Mon,12:56 PM,0.1,3,L,7/31/17 12:56 PM
7/31/2017,Mon,6:21 AM,0.4,12,H,7/31/17 6:21 AM
8/1/2017,Tue,1:24 AM,0.2,6,L,8/1/17 1:24 AM
8/1/2017,Tue,6:28 AM,0.4,12,H,8/1/17 6:28 AM
8/1/2017,Tue,1:50 AM,0.1,3,L,8/1/17 1:50 AM
8/1/2017,Tue,7:18 AM,0.4,12,H,8/1/17 7:18 AM
8/2/2017,Wed,2:19 AM,0.2,6,L,8/2/17 2:19 AM
8/2/2017,Wed,7:23 AM,0.4,12,H,8/2/17 7:23 AM
8/2/2017,Wed,2:41 AM,0.1,3,L,8/2/17 2:41 AM
8/2/2017,Wed,8:13 AM,0.4,12,H,8/2/17 8:13 AM
8/3/2017,Thu,3:10 AM,0.2,6,L,8/3/17 3:10 AM
8/3/2017,Thu,8:17 AM,0.4,12,H,8/3/17 8:17 AM
8/3/2017,Thu,3:29 AM,0.1,3,L,8/3/17 3:29 AM
8/3/2017,Thu,9:04 AM,0.4,12,H,8/3/17 9:04 AM
8/4/2017,Fri,3:58 AM,0.2,6,L,8/4/17 3:58 AM
8/4/2017,Fri,9:08 AM,0.4,12,H,8/4/17 9:08 AM
8/4/2017,Fri,4:14 AM,0.1,3,L,8/4/17 4:14 AM
8/4/2017,Fri,9:51 AM,0.4,12,H,8/4/17 9:51 AM
8/5/2017,Sat,4:42 AM,0.2,6,L,8/5/17 4:42 AM
8/5/2017,Sat,9:56 AM,0.4,12,H,8/5/17 9:56 AM
8/5/2017,Sat,4:57 AM,0,0,L,8/5/17 4:57 AM
8/5/2017,Sat,10:35 AM,0.4,12,H,8/5/17 10:35 AM
8/6/2017,Sun,5:23 AM,0.2,6,L,8/6/17 5:23 AM
8/6/2017,Sun,10:41 AM,0.4,12,H,8/6/17 10:41 AM
8/6/2017,Sun,5:37 AM,0,0,L,8/6/17 5:37 AM
8/6/2017,Sun,11:16 AM,0.4,12,H,8/6/17 11:16 AM
8/7/2017,Mon,6:03 AM,0.1,3,L,8/7/17 6:03 AM
8/7/2017,Mon,11:25 AM,0.4,12,H,8/7/17 11:25 AM
8/7/2017,Mon,6:16 AM,0,0,L,8/7/17 6:16 AM
8/7/2017,Mon,11:56 AM,0.4,12,H,8/7/17 11:56 AM
8/8/2017,Tue,6:41 AM,0.1,3,L,8/8/17 6:41 AM
8/8/2017,Tue,12:07 PM,0.4,12,H,8/8/17 12:07 PM
8/8/2017,Tue,6:54 AM,0,0,L,8/8/17 6:54 AM
8/9/2017,Wed,12:36 PM,0.4,12,H,8/9/17 12:36 PM
8/9/2017,Wed,7:19 AM,0.1,3,L,8/9/17 7:19 AM
8/9/2017,Wed,12:49 PM,0.4,12,H,8/9/17 12:49 PM
8/9/2017,Wed,7:33 AM,0,0,L,8/9/17 7:33 AM
8/10/2017,Thu,1:15 AM,0.5,15,H,8/10/17 1:15 AM
8/10/2017,Thu,7:57 AM,0,0,L,8/10/17 7:57 AM
8/10/2017,Thu,1:32 AM,0.4,12,H,8/10/17 1:32 AM
8/10/2017,Thu,8:14 AM,0,0,L,8/10/17 8:14 AM
8/11/2017,Fri,1:55 AM,0.4,12,H,8/11/17 1:55 AM
8/11/2017,Fri,8:39 AM,0,0,L,8/11/17 8:39 AM
8/11/2017,Fri,2:17 AM,0.4,12,H,8/11/17 2:17 AM
8/11/2017,Fri,8:58 AM,0,0,L,8/11/17 8:58 AM
8/12/2017,Sat,2:36 AM,0.4,12,H,8/12/17 2:36 AM
8/12/2017,Sat,9:24 AM,0,0,L,8/12/17 9:24 AM
8/12/2017,Sat,3:04 AM,0.4,12,H,8/12/17 3:04 AM
8/12/2017,Sat,9:46 AM,0.1,3,L,8/12/17 9:46 AM
8/13/2017,Sun,3:20 AM,0.4,12,H,8/13/17 3:20 AM
8/13/2017,Sun,10:14 AM,0,0,L,8/13/17 10:14 AM
8/13/2017,Sun,3:56 AM,0.4,12,H,8/13/17 3:56 AM
8/13/2017,Sun,10:40 AM,0.1,3,L,8/13/17 10:40 AM
8/14/2017,Mon,4:09 AM,0.4,12,H,8/14/17 4:09 AM
8/14/2017,Mon,11:10 AM,0,0,L,8/14/17 11:10 AM
8/14/2017,Mon,4:54 AM,0.4,12,H,8/14/17 4:54 AM
8/14/2017,Mon,11:41 AM,0.2,6,L,8/14/17 11:41 AM
8/15/2017,Tue,5:05 AM,0.4,12,H,8/15/17 5:05 AM
8/15/2017,Tue,12:13 PM,0,0,L,8/15/17 12:13 PM
8/15/2017,Tue,5:58 AM,0.4,12,H,8/15/17 5:58 AM
8/16/2017,Wed,12:47 PM,0.2,6,L,8/16/17 12:47 PM
8/16/2017,Wed,6:08 AM,0.4,12,H,8/16/17 6:08 AM
8/16/2017,Wed,1:18 AM,0,0,L,8/16/17 1:18 AM
8/16/2017,Wed,7:04 AM,0.4,12,H,8/16/17 7:04 AM
8/17/2017,Thu,1:54 AM,0.2,6,L,8/17/17 1:54 AM
8/17/2017,Thu,7:16 AM,0.4,12,H,8/17/17 7:16 AM
8/17/2017,Thu,2:23 AM,0,0,L,8/17/17 2:23 AM
8/17/2017,Thu,8:10 AM,0.5,15,H,8/17/17 8:10 AM
8/18/2017,Fri,2:57 AM,0.1,3,L,8/18/17 2:57 AM
8/18/2017,Fri,8:22 AM,0.4,12,H,8/18/17 8:22 AM
8/18/2017,Fri,3:24 AM,-0.1,-3,L,8/18/17 3:24 AM
8/18/2017,Fri,9:11 AM,0.5,15,H,8/18/17 9:11 AM
8/19/2017,Sat,3:56 AM,0.1,3,L,8/19/17 3:56 AM
8/19/2017,Sat,9:24 AM,0.5,15,H,8/19/17 9:24 AM
8/19/2017,Sat,4:21 AM,-0.1,-3,L,8/19/17 4:21 AM
8/19/2017,Sat,10:07 AM,0.5,15,H,8/19/17 10:07 AM
8/20/2017,Sun,4:51 AM,0,0,L,8/20/17 4:51 AM
8/20/2017,Sun,10:21 AM,0.5,15,H,8/20/17 10:21 AM
8/20/2017,Sun,5:15 AM,-0.1,-3,L,8/20/17 5:15 AM
8/20/2017,Sun,10:58 AM,0.5,15,H,8/20/17 10:58 AM
8/21/2017,Mon,5:43 AM,0,0,L,8/21/17 5:43 AM
8/21/2017,Mon,11:14 AM,0.5,15,H,8/21/17 11:14 AM
8/21/2017,Mon,6:06 AM,-0.1,-3,L,8/21/17 6:06 AM
8/21/2017,Mon,11:46 AM,0.5,15,H,8/21/17 11:46 AM
8/22/2017,Tue,6:32 AM,0,0,L,8/22/17 6:32 AM
8/22/2017,Tue,12:04 PM,0.5,15,H,8/22/17 12:04 PM
8/22/2017,Tue,6:55 AM,-0.1,-3,L,8/22/17 6:55 AM
8/23/2017,Wed,12:31 PM,0.5,15,H,8/23/17 12:31 PM
8/23/2017,Wed,7:20 AM,0,0,L,8/23/17 7:20 AM
8/23/2017,Wed,12:51 PM,0.5,15,H,8/23/17 12:51 PM
8/23/2017,Wed,7:42 AM,0,0,L,8/23/17 7:42 AM
8/24/2017,Thu,1:14 AM,0.5,15,H,8/24/17 1:14 AM
8/24/2017,Thu,8:06 AM,0,0,L,8/24/17 8:06 AM
8/24/2017,Thu,1:37 AM,0.5,15,H,8/24/17 1:37 AM
8/24/2017,Thu,8:28 AM,0,0,L,8/24/17 8:28 AM
8/25/2017,Fri,1:56 AM,0.5,15,H,8/25/17 1:56 AM
8/25/2017,Fri,8:52 AM,0,0,L,8/25/17 8:52 AM
8/25/2017,Fri,2:22 AM,0.5,15,H,8/25/17 2:22 AM
8/25/2017,Fri,9:15 AM,0.1,3,L,8/25/17 9:15 AM
8/26/2017,Sat,2:37 AM,0.5,15,H,8/26/17 2:37 AM
8/26/2017,Sat,9:38 AM,0.1,3,L,8/26/17 9:38 AM
8/26/2017,Sat,3:06 AM,0.5,15,H,8/26/17 3:06 AM
8/26/2017,Sat,10:02 AM,0.2,6,L,8/26/17 10:02 AM
8/27/2017,Sun,3:19 AM,0.4,12,H,8/27/17 3:19 AM
8/27/2017,Sun,10:26 AM,0.1,3,L,8/27/17 10:26 AM
8/27/2017,Sun,3:53 AM,0.4,12,H,8/27/17 3:53 AM
8/27/2017,Sun,10:51 AM,0.3,9,L,8/27/17 10:51 AM
8/28/2017,Mon,4:03 AM,0.4,12,H,8/28/17 4:03 AM
8/28/2017,Mon,11:16 AM,0.2,6,L,8/28/17 11:16 AM
8/28/2017,Mon,4:41 AM,0.4,12,H,8/28/17 4:41 AM
8/28/2017,Mon,11:44 AM,0.3,9,L,8/28/17 11:44 AM
8/29/2017,Tue,4:50 AM,0.4,12,H,8/29/17 4:50 AM
8/29/2017,Tue,12:10 PM,0.2,6,L,8/29/17 12:10 PM
8/29/2017,Tue,5:35 AM,0.4,12,H,8/29/17 5:35 AM
8/30/2017,Wed,12:41 PM,0.4,12,L,8/30/17 12:41 PM
8/30/2017,Wed,5:42 AM,0.4,12,H,8/30/17 5:42 AM
8/30/2017,Wed,1:07 AM,0.2,6,L,8/30/17 1:07 AM
8/30/2017,Wed,6:32 AM,0.4,12,H,8/30/17 6:32 AM
8/31/2017,Thu,1:39 AM,0.4,12,L,8/31/17 1:39 AM
8/31/2017,Thu,6:40 AM,0.4,12,H,8/31/17 6:40 AM
8/31/2017,Thu,2:03 AM,0.2,6,L,8/31/17 2:03 AM
8/31/2017,Thu,7:30 AM,0.4,12,H,8/31/17 7:30 AM
9/1/2017,Fri,2:34 AM,0.4,12,L,9/1/17 2:34 AM
9/1/2017,Fri,7:39 AM,0.4,12,H,9/1/17 7:39 AM
9/1/2017,Fri,2:55 AM,0.2,6,L,9/1/17 2:55 AM
9/1/2017,Fri,8:26 AM,0.4,12,H,9/1/17 8:26 AM
9/2/2017,Sat,3:24 AM,0.3,9,L,9/2/17 3:24 AM
9/2/2017,Sat,8:35 AM,0.4,12,H,9/2/17 8:35 AM
9/2/2017,Sat,3:42 AM,0.2,6,L,9/2/17 3:42 AM
9/2/2017,Sat,9:16 AM,0.4,12,H,9/2/17 9:16 AM
9/3/2017,Sun,4:10 AM,0.3,9,L,9/3/17 4:10 AM
9/3/2017,Sun,9:26 AM,0.4,12,H,9/3/17 9:26 AM
9/3/2017,Sun,4:26 AM,0.2,6,L,9/3/17 4:26 AM
9/3/2017,Sun,10:01 AM,0.5,15,H,9/3/17 10:01 AM
9/4/2017,Mon,4:52 AM,0.2,6,L,9/4/17 4:52 AM
9/4/2017,Mon,10:14 AM,0.4,12,H,9/4/17 10:14 AM
9/4/2017,Mon,5:08 AM,0.1,3,L,9/4/17 5:08 AM
9/4/2017,Mon,10:44 AM,0.5,15,H,9/4/17 10:44 AM
9/5/2017,Tue,5:31 AM,0.2,6,L,9/5/17 5:31 AM
9/5/2017,Tue,10:59 AM,0.5,15,H,9/5/17 10:59 AM
9/5/2017,Tue,5:48 AM,0.1,3,L,9/5/17 5:48 AM
9/5/2017,Tue,11:25 AM,0.5,15,H,9/5/17 11:25 AM
9/6/2017,Wed,6:10 AM,0.1,3,L,9/6/17 6:10 AM
9/6/2017,Wed,11:42 AM,0.5,15,H,9/6/17 11:42 AM
9/6/2017,Wed,6:29 AM,0.1,3,L,9/6/17 6:29 AM
9/7/2017,Thu,12:06 PM,0.5,15,H,9/7/17 12:06 PM
9/7/2017,Thu,6:50 AM,0.1,3,L,9/7/17 6:50 AM
9/7/2017,Thu,12:26 PM,0.5,15,H,9/7/17 12:26 PM
9/7/2017,Thu,7:10 AM,0.1,3,L,9/7/17 7:10 AM
9/8/2017,Fri,12:46 PM,0.5,15,H,9/8/17 12:46 PM
9/8/2017,Fri,7:30 AM,0.1,3,L,9/8/17 7:30 AM
9/8/2017,Fri,1:11 AM,0.5,15,H,9/8/17 1:11 AM
9/8/2017,Fri,7:52 AM,0.1,3,L,9/8/17 7:52 AM
9/9/2017,Sat,1:28 AM,0.5,15,H,9/9/17 1:28 AM
9/9/2017,Sat,8:14 AM,0,0,L,9/9/17 8:14 AM
9/9/2017,Sat,1:57 AM,0.5,15,H,9/9/17 1:57 AM
9/9/2017,Sat,8:38 AM,0.1,3,L,9/9/17 8:38 AM
9/10/2017,Sun,2:11 AM,0.5,15,H,9/10/17 2:11 AM
9/10/2017,Sun,9:01 AM,0,0,L,9/10/17 9:01 AM
9/10/2017,Sun,2:46 AM,0.5,15,H,9/10/17 2:46 AM
9/10/2017,Sun,9:28 AM,0.2,6,L,9/10/17 9:28 AM
9/11/2017,Mon,2:59 AM,0.5,15,H,9/11/17 2:59 AM
9/11/2017,Mon,9:53 AM,0.1,3,L,9/11/17 9:53 AM
9/11/2017,Mon,3:39 AM,0.5,15,H,9/11/17 3:39 AM
9/11/2017,Mon,10:24 AM,0.2,6,L,9/11/17 10:24 AM
9/12/2017,Tue,3:51 AM,0.5,15,H,9/12/17 3:51 AM
9/12/2017,Tue,10:51 AM,0.1,3,L,9/12/17 10:51 AM
9/12/2017,Tue,4:39 AM,0.5,15,H,9/12/17 4:39 AM
9/12/2017,Tue,11:26 AM,0.3,9,L,9/12/17 11:26 AM
9/13/2017,Wed,4:51 AM,0.5,15,H,9/13/17 4:51 AM
9/13/2017,Wed,11:57 AM,0.1,3,L,9/13/17 11:57 AM
9/13/2017,Wed,5:43 AM,0.5,15,H,9/13/17 5:43 AM
9/14/2017,Thu,12:35 PM,0.3,9,L,9/14/17 12:35 PM
9/14/2017,Thu,5:58 AM,0.5,15,H,9/14/17 5:58 AM
9/14/2017,Thu,1:05 AM,0.1,3,L,9/14/17 1:05 AM
9/14/2017,Thu,6:50 AM,0.5,15,H,9/14/17 6:50 AM
9/15/2017,Fri,1:43 AM,0.3,9,L,9/15/17 1:43 AM
9/15/2017,Fri,7:07 AM,0.5,15,H,9/15/17 7:07 AM
9/15/2017,Fri,2:12 AM,0.1,3,L,9/15/17 2:12 AM
9/15/2017,Fri,7:56 AM,0.5,15,H,9/15/17 7:56 AM
9/16/2017,Sat,2:46 AM,0.2,6,L,9/16/17 2:46 AM
9/16/2017,Sat,8:14 AM,0.5,15,H,9/16/17 8:14 AM
9/16/2017,Sat,3:13 AM,0.1,3,L,9/16/17 3:13 AM
9/16/2017,Sat,8:55 AM,0.5,15,H,9/16/17 8:55 AM
9/17/2017,Sun,3:44 AM,0.2,6,L,9/17/17 3:44 AM
9/17/2017,Sun,9:14 AM,0.5,15,H,9/17/17 9:14 AM
9/17/2017,Sun,4:09 AM,0.1,3,L,9/17/17 4:09 AM
9/17/2017,Sun,9:49 AM,0.5,15,H,9/17/17 9:49 AM
9/18/2017,Mon,4:37 AM,0.1,3,L,9/18/17 4:37 AM
9/18/2017,Mon,10:09 AM,0.5,15,H,9/18/17 10:09 AM
9/18/2017,Mon,5:01 AM,0.1,3,L,9/18/17 5:01 AM
9/18/2017,Mon,10:37 AM,0.5,15,H,9/18/17 10:37 AM
9/19/2017,Tue,5:25 AM,0.1,3,L,9/19/17 5:25 AM
9/19/2017,Tue,10:58 AM,0.5,15,H,9/19/17 10:58 AM
9/19/2017,Tue,5:49 AM,0.1,3,L,9/19/17 5:49 AM
9/19/2017,Tue,11:22 AM,0.5,15,H,9/19/17 11:22 AM
9/20/2017,Wed,6:11 AM,0.1,3,L,9/20/17 6:11 AM
9/20/2017,Wed,11:44 AM,0.5,15,H,9/20/17 11:44 AM
9/20/2017,Wed,6:34 AM,0.1,3,L,9/20/17 6:34 AM
9/21/2017,Thu,12:04 PM,0.5,15,H,9/21/17 12:04 PM
9/21/2017,Thu,6:54 AM,0.1,3,L,9/21/17 6:54 AM
9/21/2017,Thu,12:28 PM,0.5,15,H,9/21/17 12:28 PM
9/21/2017,Thu,7:17 AM,0.1,3,L,9/21/17 7:17 AM
9/22/2017,Fri,12:44 PM,0.5,15,H,9/22/17 12:44 PM
9/22/2017,Fri,7:36 AM,0.1,3,L,9/22/17 7:36 AM
9/22/2017,Fri,1:09 AM,0.5,15,H,9/22/17 1:09 AM
9/22/2017,Fri,8:00 AM,0.2,6,L,9/22/17 8:00 AM
9/23/2017,Sat,1:23 AM,0.5,15,H,9/23/17 1:23 AM
9/23/2017,Sat,8:18 AM,0.1,3,L,9/23/17 8:18 AM
9/23/2017,Sat,1:50 AM,0.5,15,H,9/23/17 1:50 AM
9/23/2017,Sat,8:42 AM,0.2,6,L,9/23/17 8:42 AM
9/24/2017,Sun,2:01 AM,0.5,15,H,9/24/17 2:01 AM
9/24/2017,Sun,8:59 AM,0.2,6,L,9/24/17 8:59 AM
9/24/2017,Sun,2:31 AM,0.5,15,H,9/24/17 2:31 AM
9/24/2017,Sun,9:24 AM,0.3,9,L,9/24/17 9:24 AM
9/25/2017,Mon,2:40 AM,0.5,15,H,9/25/17 2:40 AM
9/25/2017,Mon,9:42 AM,0.2,6,L,9/25/17 9:42 AM
9/25/2017,Mon,3:14 AM,0.5,15,H,9/25/17 3:14 AM
9/25/2017,Mon,10:09 AM,0.4,12,L,9/25/17 10:09 AM
9/26/2017,Tue,3:22 AM,0.4,12,H,9/26/17 3:22 AM
9/26/2017,Tue,10:29 AM,0.3,9,L,9/26/17 10:29 AM
9/26/2017,Tue,3:59 AM,0.4,12,H,9/26/17 3:59 AM
9/26/2017,Tue,10:59 AM,0.4,12,L,9/26/17 10:59 AM
9/27/2017,Wed,4:08 AM,0.4,12,H,9/27/17 4:08 AM
9/27/2017,Wed,11:21 AM,0.3,9,L,9/27/17 11:21 AM
9/27/2017,Wed,4:50 AM,0.4,12,H,9/27/17 4:50 AM
9/27/2017,Wed,11:55 AM,0.5,15,L,9/27/17 11:55 AM
9/28/2017,Thu,5:00 AM,0.4,12,H,9/28/17 5:00 AM
9/28/2017,Thu,12:19 PM,0.4,12,L,9/28/17 12:19 PM
9/28/2017,Thu,5:47 AM,0.4,12,H,9/28/17 5:47 AM
9/29/2017,Fri,12:56 PM,0.5,15,L,9/29/17 12:56 PM
9/29/2017,Fri,6:00 AM,0.4,12,H,9/29/17 6:00 AM
9/29/2017,Fri,1:19 AM,0.4,12,L,9/29/17 1:19 AM
9/29/2017,Fri,6:46 AM,0.4,12,H,9/29/17 6:46 AM
9/30/2017,Sat,1:54 AM,0.4,12,L,9/30/17 1:54 AM
9/30/2017,Sat,7:02 AM,0.4,12,H,9/30/17 7:02 AM
9/30/2017,Sat,2:15 AM,0.3,9,L,9/30/17 2:15 AM
9/30/2017,Sat,7:43 AM,0.4,12,H,9/30/17 7:43 AM
10/1/2017,Sun,2:47 AM,0.4,12,L,10/1/17 2:47 AM
10/1/2017,Sun,8:01 AM,0.4,12,H,10/1/17 8:01 AM
10/1/2017,Sun,3:06 AM,0.3,9,L,10/1/17 3:06 AM
10/1/2017,Sun,8:36 AM,0.5,15,H,10/1/17 8:36 AM
10/2/2017,Mon,3:34 AM,0.3,9,L,10/2/17 3:34 AM
10/2/2017,Mon,8:55 AM,0.5,15,H,10/2/17 8:55 AM
10/2/2017,Mon,3:53 AM,0.3,9,L,10/2/17 3:53 AM
10/2/2017,Mon,9:24 AM,0.5,15,H,10/2/17 9:24 AM
10/3/2017,Tue,4:17 AM,0.3,9,L,10/3/17 4:17 AM
10/3/2017,Tue,9:44 AM,0.5,15,H,10/3/17 9:44 AM
10/3/2017,Tue,4:37 AM,0.2,6,L,10/3/17 4:37 AM
10/3/2017,Tue,10:09 AM,0.5,15,H,10/3/17 10:09 AM
10/4/2017,Wed,4:58 AM,0.2,6,L,10/4/17 4:58 AM
10/4/2017,Wed,10:31 AM,0.5,15,H,10/4/17 10:31 AM
10/4/2017,Wed,5:20 AM,0.2,6,L,10/4/17 5:20 AM
10/4/2017,Wed,10:52 AM,0.5,15,H,10/4/17 10:52 AM
10/5/2017,Thu,5:39 AM,0.1,3,L,10/5/17 5:39 AM
10/5/2017,Thu,11:17 AM,0.5,15,H,10/5/17 11:17 AM
10/5/2017,Thu,6:03 AM,0.1,3,L,10/5/17 6:03 AM
10/5/2017,Thu,11:34 AM,0.5,15,H,10/5/17 11:34 AM
10/6/2017,Fri,6:21 AM,0.1,3,L,10/6/17 6:21 AM
10/6/2017,Fri,12:03 PM,0.6,18,H,10/6/17 12:03 PM
10/6/2017,Fri,6:47 AM,0.1,3,L,10/6/17 6:47 AM
10/7/2017,Sat,12:18 PM,0.5,15,H,10/7/17 12:18 PM
10/7/2017,Sat,7:05 AM,0,0,L,10/7/17 7:05 AM
10/7/2017,Sat,12:49 PM,0.6,18,H,10/7/17 12:49 PM
10/7/2017,Sat,7:32 AM,0.1,3,L,10/7/17 7:32 AM
10/8/2017,Sun,1:02 AM,0.5,15,H,10/8/17 1:02 AM
10/8/2017,Sun,7:51 AM,0,0,L,10/8/17 7:51 AM
10/8/2017,Sun,1:38 AM,0.6,18,H,10/8/17 1:38 AM
10/8/2017,Sun,8:20 AM,0.2,6,L,10/8/17 8:20 AM
10/9/2017,Mon,1:50 AM,0.5,15,H,10/9/17 1:50 AM
10/9/2017,Mon,8:41 AM,0,0,L,10/9/17 8:41 AM
10/9/2017,Mon,2:29 AM,0.6,18,H,10/9/17 2:29 AM
10/9/2017,Mon,9:12 AM,0.2,6,L,10/9/17 9:12 AM
10/10/2017,Tue,2:41 AM,0.5,15,H,10/10/17 2:41 AM
10/10/2017,Tue,9:35 AM,0.1,3,L,10/10/17 9:35 AM
10/10/2017,Tue,3:24 AM,0.5,15,H,10/10/17 3:24 AM
10/10/2017,Tue,10:10 AM,0.3,9,L,10/10/17 10:10 AM
10/11/2017,Wed,3:37 AM,0.5,15,H,10/11/17 3:37 AM
10/11/2017,Wed,10:36 AM,0.1,3,L,10/11/17 10:36 AM
10/11/2017,Wed,4:24 AM,0.5,15,H,10/11/17 4:24 AM
10/11/2017,Wed,11:15 AM,0.3,9,L,10/11/17 11:15 AM
10/12/2017,Thu,4:40 AM,0.5,15,H,10/12/17 4:40 AM
10/12/2017,Thu,11:43 AM,0.2,6,L,10/12/17 11:43 AM
10/12/2017,Thu,5:28 AM,0.5,15,H,10/12/17 5:28 AM
10/13/2017,Fri,12:24 PM,0.3,9,L,10/13/17 12:24 PM
10/13/2017,Fri,5:48 AM,0.5,15,H,10/13/17 5:48 AM
10/13/2017,Fri,12:53 PM,0.2,6,L,10/13/17 12:53 PM
10/13/2017,Fri,6:34 AM,0.5,15,H,10/13/17 6:34 AM
10/14/2017,Sat,1:32 AM,0.3,9,L,10/14/17 1:32 AM
10/14/2017,Sat,6:57 AM,0.5,15,H,10/14/17 6:57 AM
10/14/2017,Sat,2:00 AM,0.2,6,L,10/14/17 2:00 AM
10/14/2017,Sat,7:37 AM,0.5,15,H,10/14/17 7:37 AM
10/15/2017,Sun,2:34 AM,0.3,9,L,10/15/17 2:34 AM
10/15/2017,Sun,8:03 AM,0.5,15,H,10/15/17 8:03 AM
10/15/2017,Sun,3:00 AM,0.2,6,L,10/15/17 3:00 AM
10/15/2017,Sun,8:35 AM,0.5,15,H,10/15/17 8:35 AM
10/16/2017,Mon,3:29 AM,0.2,6,L,10/16/17 3:29 AM
10/16/2017,Mon,9:02 AM,0.5,15,H,10/16/17 9:02 AM
10/16/2017,Mon,3:55 AM,0.2,6,L,10/16/17 3:55 AM
10/16/2017,Mon,9:27 AM,0.5,15,H,10/16/17 9:27 AM
10/17/2017,Tue,4:19 AM,0.2,6,L,10/17/17 4:19 AM
10/17/2017,Tue,9:54 AM,0.5,15,H,10/17/17 9:54 AM
10/17/2017,Tue,4:44 AM,0.2,6,L,10/17/17 4:44 AM
10/17/2017,Tue,10:13 AM,0.5,15,H,10/17/17 10:13 AM
10/18/2017,Wed,5:05 AM,0.1,3,L,10/18/17 5:05 AM
10/18/2017,Wed,10:40 AM,0.5,15,H,10/18/17 10:40 AM
10/18/2017,Wed,5:29 AM,0.2,6,L,10/18/17 5:29 AM
10/18/2017,Wed,10:56 AM,0.5,15,H,10/18/17 10:56 AM
10/19/2017,Thu,5:47 AM,0.1,3,L,10/19/17 5:47 AM
10/19/2017,Thu,11:23 AM,0.5,15,H,10/19/17 11:23 AM
10/19/2017,Thu,6:11 AM,0.2,6,L,10/19/17 6:11 AM
10/19/2017,Thu,11:36 AM,0.5,15,H,10/19/17 11:36 AM
10/20/2017,Fri,6:28 AM,0.1,3,L,10/20/17 6:28 AM
10/20/2017,Fri,12:04 PM,0.5,15,H,10/20/17 12:04 PM
10/20/2017,Fri,6:52 AM,0.2,6,L,10/20/17 6:52 AM
10/21/2017,Sat,12:13 PM,0.5,15,H,10/21/17 12:13 PM
10/21/2017,Sat,7:07 AM,0.1,3,L,10/21/17 7:07 AM
10/21/2017,Sat,12:42 PM,0.5,15,H,10/21/17 12:42 PM
10/21/2017,Sat,7:32 AM,0.2,6,L,10/21/17 7:32 AM
10/22/2017,Sun,12:50 PM,0.5,15,H,10/22/17 12:50 PM
10/22/2017,Sun,7:45 AM,0.1,3,L,10/22/17 7:45 AM
10/22/2017,Sun,1:20 AM,0.5,15,H,10/22/17 1:20 AM
10/22/2017,Sun,8:11 AM,0.3,9,L,10/22/17 8:11 AM
10/23/2017,Mon,1:27 AM,0.5,15,H,10/23/17 1:27 AM
10/23/2017,Mon,8:23 AM,0.2,6,L,10/23/17 8:23 AM
10/23/2017,Mon,1:59 AM,0.5,15,H,10/23/17 1:59 AM
10/23/2017,Mon,8:50 AM,0.3,9,L,10/23/17 8:50 AM
10/24/2017,Tue,2:05 AM,0.5,15,H,10/24/17 2:05 AM
10/24/2017,Tue,9:03 AM,0.2,6,L,10/24/17 9:03 AM
10/24/2017,Tue,2:40 AM,0.5,15,H,10/24/17 2:40 AM
10/24/2017,Tue,9:31 AM,0.4,12,L,10/24/17 9:31 AM
10/25/2017,Wed,2:46 AM,0.4,12,H,10/25/17 2:46 AM
10/25/2017,Wed,9:45 AM,0.3,9,L,10/25/17 9:45 AM
10/25/2017,Wed,3:23 AM,0.5,15,H,10/25/17 3:23 AM
10/25/2017,Wed,10:17 AM,0.4,12,L,10/25/17 10:17 AM
10/26/2017,Thu,3:31 AM,0.4,12,H,10/26/17 3:31 AM
10/26/2017,Thu,10:32 AM,0.3,9,L,10/26/17 10:32 AM
10/26/2017,Thu,4:11 AM,0.4,12,H,10/26/17 4:11 AM
10/26/2017,Thu,11:10 AM,0.5,15,L,10/26/17 11:10 AM
10/27/2017,Fri,4:23 AM,0.4,12,H,10/27/17 4:23 AM
10/27/2017,Fri,11:27 AM,0.4,12,L,10/27/17 11:27 AM
10/27/2017,Fri,5:04 AM,0.4,12,H,10/27/17 5:04 AM
10/28/2017,Sat,12:09 PM,0.5,15,L,10/28/17 12:09 PM
10/28/2017,Sat,5:21 AM,0.4,12,H,10/28/17 5:21 AM
10/28/2017,Sat,12:28 PM,0.4,12,L,10/28/17 12:28 PM
10/28/2017,Sat,6:01 AM,0.4,12,H,10/28/17 6:01 AM
10/29/2017,Sun,1:09 AM,0.4,12,L,10/29/17 1:09 AM
10/29/2017,Sun,6:23 AM,0.4,12,H,10/29/17 6:23 AM
10/29/2017,Sun,1:29 AM,0.4,12,L,10/29/17 1:29 AM
10/29/2017,Sun,6:58 AM,0.4,12,H,10/29/17 6:58 AM
10/30/2017,Mon,2:04 AM,0.4,12,L,10/30/17 2:04 AM
10/30/2017,Mon,7:24 AM,0.4,12,H,10/30/17 7:24 AM
10/30/2017,Mon,2:25 AM,0.3,9,L,10/30/17 2:25 AM
10/30/2017,Mon,7:52 AM,0.5,15,H,10/30/17 7:52 AM
10/31/2017,Tue,2:54 AM,0.3,9,L,10/31/17 2:54 AM
10/31/2017,Tue,8:21 AM,0.5,15,H,10/31/17 8:21 AM
10/31/2017,Tue,3:16 AM,0.3,9,L,10/31/17 3:16 AM
10/31/2017,Tue,8:43 AM,0.5,15,H,10/31/17 8:43 AM
11/1/2017,Wed,3:40 AM,0.2,6,L,11/1/17 3:40 AM
11/1/2017,Wed,9:14 AM,0.5,15,H,11/1/17 9:14 AM
11/1/2017,Wed,4:05 AM,0.2,6,L,11/1/17 4:05 AM
11/1/2017,Wed,9:31 AM,0.5,15,H,11/1/17 9:31 AM
11/2/2017,Thu,4:25 AM,0.1,3,L,11/2/17 4:25 AM
11/2/2017,Thu,10:04 AM,0.5,15,H,11/2/17 10:04 AM
11/2/2017,Thu,4:51 AM,0.2,6,L,11/2/17 4:51 AM
11/2/2017,Thu,10:18 AM,0.5,15,H,11/2/17 10:18 AM
11/3/2017,Fri,5:10 AM,0,0,L,11/3/17 5:10 AM
11/3/2017,Fri,10:53 AM,0.6,18,H,11/3/17 10:53 AM
11/3/2017,Fri,5:38 AM,0.1,3,L,11/3/17 5:38 AM
11/3/2017,Fri,11:05 AM,0.5,15,H,11/3/17 11:05 AM
11/4/2017,Sat,5:56 AM,0,0,L,11/4/17 5:56 AM
11/4/2017,Sat,11:41 AM,0.6,18,H,11/4/17 11:41 AM
11/4/2017,Sat,6:25 AM,0.1,3,L,11/4/17 6:25 AM
11/4/2017,Sat,11:52 AM,0.5,15,H,11/4/17 11:52 AM
11/5/2017,Sun,5:43 AM,-0.1,-3,L,11/5/17 5:43 AM
11/5/2017,Sun,11:30 AM,0.6,18,H,11/5/17 11:30 AM
11/5/2017,Sun,6:13 AM,0.1,3,L,11/5/17 6:13 AM
11/5/2017,Sun,11:41 AM,0.5,15,H,11/5/17 11:41 AM
11/6/2017,Mon,6:32 AM,-0.1,-3,L,11/6/17 6:32 AM
11/6/2017,Mon,12:21 PM,0.6,18,H,11/6/17 12:21 PM
11/6/2017,Mon,7:04 AM,0.1,3,L,11/6/17 7:04 AM
11/7/2017,Tue,12:32 PM,0.5,15,H,11/7/17 12:32 PM
11/7/2017,Tue,7:24 AM,0,0,L,11/7/17 7:24 AM
11/7/2017,Tue,1:13 AM,0.6,18,H,11/7/17 1:13 AM
11/7/2017,Tue,7:58 AM,0.2,6,L,11/7/17 7:58 AM
11/8/2017,Wed,1:26 AM,0.5,15,H,11/8/17 1:26 AM
11/8/2017,Wed,8:20 AM,0,0,L,11/8/17 8:20 AM
11/8/2017,Wed,2:08 AM,0.5,15,H,11/8/17 2:08 AM
11/8/2017,Wed,8:57 AM,0.2,6,L,11/8/17 8:57 AM
11/9/2017,Thu,2:24 AM,0.5,15,H,11/9/17 2:24 AM
11/9/2017,Thu,9:22 AM,0.1,3,L,11/9/17 9:22 AM
11/9/2017,Thu,3:06 AM,0.5,15,H,11/9/17 3:06 AM
11/9/2017,Thu,10:01 AM,0.2,6,L,11/9/17 10:01 AM
11/10/2017,Fri,3:27 AM,0.5,15,H,11/10/17 3:27 AM
11/10/2017,Fri,10:28 AM,0.1,3,L,11/10/17 10:28 AM
11/10/2017,Fri,4:08 AM,0.5,15,H,11/10/17 4:08 AM
11/10/2017,Fri,11:09 AM,0.2,6,L,11/10/17 11:09 AM
11/11/2017,Sat,4:34 AM,0.5,15,H,11/11/17 4:34 AM
11/11/2017,Sat,11:37 AM,0.2,6,L,11/11/17 11:37 AM
11/11/2017,Sat,5:11 AM,0.5,15,H,11/11/17 5:11 AM
11/12/2017,Sun,12:15 PM,0.2,6,L,11/12/17 12:15 PM
11/12/2017,Sun,5:41 AM,0.5,15,H,11/12/17 5:41 AM
11/12/2017,Sun,12:42 PM,0.2,6,L,11/12/17 12:42 PM
11/12/2017,Sun,6:12 AM,0.5,15,H,11/12/17 6:12 AM
11/13/2017,Mon,1:15 AM,0.2,6,L,11/13/17 1:15 AM
11/13/2017,Mon,6:46 AM,0.5,15,H,11/13/17 6:46 AM
11/13/2017,Mon,1:42 AM,0.2,6,L,11/13/17 1:42 AM
11/13/2017,Mon,7:09 AM,0.5,15,H,11/13/17 7:09 AM
11/14/2017,Tue,2:09 AM,0.1,3,L,11/14/17 2:09 AM
11/14/2017,Tue,7:43 AM,0.5,15,H,11/14/17 7:43 AM
11/14/2017,Tue,2:35 AM,0.2,6,L,11/14/17 2:35 AM
11/14/2017,Tue,8:00 AM,0.5,15,H,11/14/17 8:00 AM
11/15/2017,Wed,2:58 AM,0.1,3,L,11/15/17 2:58 AM
11/15/2017,Wed,8:34 AM,0.5,15,H,11/15/17 8:34 AM
11/15/2017,Wed,3:23 AM,0.2,6,L,11/15/17 3:23 AM
11/15/2017,Wed,8:46 AM,0.5,15,H,11/15/17 8:46 AM
11/16/2017,Thu,3:42 AM,0.1,3,L,11/16/17 3:42 AM
11/16/2017,Thu,9:20 AM,0.5,15,H,11/16/17 9:20 AM
11/16/2017,Thu,4:07 AM,0.2,6,L,11/16/17 4:07 AM
11/16/2017,Thu,9:28 AM,0.5,15,H,11/16/17 9:28 AM
11/17/2017,Fri,4:23 AM,0.1,3,L,11/17/17 4:23 AM
11/17/2017,Fri,10:01 AM,0.5,15,H,11/17/17 10:01 AM
11/17/2017,Fri,4:48 AM,0.2,6,L,11/17/17 4:48 AM
11/17/2017,Fri,10:08 AM,0.5,15,H,11/17/17 10:08 AM
11/18/2017,Sat,5:02 AM,0.1,3,L,11/18/17 5:02 AM
11/18/2017,Sat,10:40 AM,0.5,15,H,11/18/17 10:40 AM
11/18/2017,Sat,5:28 AM,0.2,6,L,11/18/17 5:28 AM
11/18/2017,Sat,10:45 AM,0.5,15,H,11/18/17 10:45 AM
11/19/2017,Sun,5:40 AM,0.1,3,L,11/19/17 5:40 AM
11/19/2017,Sun,11:17 AM,0.5,15,H,11/19/17 11:17 AM
11/19/2017,Sun,6:06 AM,0.2,6,L,11/19/17 6:06 AM
11/19/2017,Sun,11:22 AM,0.5,15,H,11/19/17 11:22 AM
11/20/2017,Mon,6:17 AM,0.1,3,L,11/20/17 6:17 AM
11/20/2017,Mon,11:54 AM,0.5,15,H,11/20/17 11:54 AM
11/20/2017,Mon,6:43 AM,0.2,6,L,11/20/17 6:43 AM
11/20/2017,Mon,11:59 AM,0.4,12,H,11/20/17 11:59 AM
11/21/2017,Tue,6:54 AM,0.1,3,L,11/21/17 6:54 AM
11/21/2017,Tue,12:32 PM,0.5,15,H,11/21/17 12:32 PM
11/21/2017,Tue,7:21 AM,0.3,9,L,11/21/17 7:21 AM
11/22/2017,Wed,12:37 PM,0.4,12,H,11/22/17 12:37 PM
11/22/2017,Wed,7:31 AM,0.2,6,L,11/22/17 7:31 AM
11/22/2017,Wed,1:12 AM,0.5,15,H,11/22/17 1:12 AM
11/22/2017,Wed,8:00 AM,0.3,9,L,11/22/17 8:00 AM
11/23/2017,Thu,1:18 AM,0.4,12,H,11/23/17 1:18 AM
11/23/2017,Thu,8:09 AM,0.2,6,L,11/23/17 8:09 AM
11/23/2017,Thu,1:53 AM,0.4,12,H,11/23/17 1:53 AM
11/23/2017,Thu,8:42 AM,0.3,9,L,11/23/17 8:42 AM
11/24/2017,Fri,2:02 AM,0.4,12,H,11/24/17 2:02 AM
11/24/2017,Fri,8:52 AM,0.2,6,L,11/24/17 8:52 AM
11/24/2017,Fri,2:37 AM,0.4,12,H,11/24/17 2:37 AM
11/24/2017,Fri,9:29 AM,0.3,9,L,11/24/17 9:29 AM
11/25/2017,Sat,2:50 AM,0.4,12,H,11/25/17 2:50 AM
11/25/2017,Sat,9:41 AM,0.3,9,L,11/25/17 9:41 AM
11/25/2017,Sat,3:25 AM,0.4,12,H,11/25/17 3:25 AM
11/25/2017,Sat,10:22 AM,0.3,9,L,11/25/17 10:22 AM
11/26/2017,Sun,3:45 AM,0.4,12,H,11/26/17 3:45 AM
11/26/2017,Sun,10:39 AM,0.3,9,L,11/26/17 10:39 AM
11/26/2017,Sun,4:16 AM,0.4,12,H,11/26/17 4:16 AM
11/26/2017,Sun,11:20 AM,0.3,9,L,11/26/17 11:20 AM
11/27/2017,Mon,4:45 AM,0.4,12,H,11/27/17 4:45 AM
11/27/2017,Mon,11:41 AM,0.3,9,L,11/27/17 11:41 AM
11/27/2017,Mon,5:11 AM,0.4,12,H,11/27/17 5:11 AM
11/28/2017,Tue,12:18 PM,0.2,6,L,11/28/17 12:18 PM
11/28/2017,Tue,5:46 AM,0.4,12,H,11/28/17 5:46 AM
11/28/2017,Tue,12:42 PM,0.3,9,L,11/28/17 12:42 PM
11/28/2017,Tue,6:07 AM,0.4,12,H,11/28/17 6:07 AM
11/29/2017,Wed,1:12 AM,0.2,6,L,11/29/17 1:12 AM
11/29/2017,Wed,6:47 AM,0.4,12,H,11/29/17 6:47 AM
11/29/2017,Wed,1:39 AM,0.2,6,L,11/29/17 1:39 AM
11/29/2017,Wed,7:02 AM,0.4,12,H,11/29/17 7:02 AM
11/30/2017,Thu,2:04 AM,0.1,3,L,11/30/17 2:04 AM
11/30/2017,Thu,7:44 AM,0.5,15,H,11/30/17 7:44 AM
11/30/2017,Thu,2:33 AM,0.2,6,L,11/30/17 2:33 AM
11/30/2017,Thu,7:56 AM,0.5,15,H,11/30/17 7:56 AM
12/1/2017,Fri,2:55 AM,0,0,L,12/1/17 2:55 AM
12/1/2017,Fri,8:38 AM,0.5,15,H,12/1/17 8:38 AM
12/1/2017,Fri,3:25 AM,0.1,3,L,12/1/17 3:25 AM
12/1/2017,Fri,8:48 AM,0.5,15,H,12/1/17 8:48 AM
12/2/2017,Sat,3:44 AM,-0.1,-3,L,12/2/17 3:44 AM
12/2/2017,Sat,9:31 AM,0.5,15,H,12/2/17 9:31 AM
12/2/2017,Sat,4:15 AM,0,0,L,12/2/17 4:15 AM
12/2/2017,Sat,9:40 AM,0.5,15,H,12/2/17 9:40 AM
12/3/2017,Sun,4:34 AM,-0.2,-6,L,12/3/17 4:34 AM
12/3/2017,Sun,10:22 AM,0.5,15,H,12/3/17 10:22 AM
12/3/2017,Sun,5:05 AM,0,0,L,12/3/17 5:05 AM
12/3/2017,Sun,10:31 AM,0.5,15,H,12/3/17 10:31 AM
12/4/2017,Mon,5:25 AM,-0.2,-6,L,12/4/17 5:25 AM
12/4/2017,Mon,11:13 AM,0.5,15,H,12/4/17 11:13 AM
12/4/2017,Mon,5:56 AM,0,0,L,12/4/17 5:56 AM
12/4/2017,Mon,11:23 AM,0.5,15,H,12/4/17 11:23 AM
12/5/2017,Tue,6:16 AM,-0.2,-6,L,12/5/17 6:16 AM
12/5/2017,Tue,12:04 PM,0.5,15,H,12/5/17 12:04 PM
12/5/2017,Tue,6:49 AM,0,0,L,12/5/17 6:49 AM
12/6/2017,Wed,12:17 PM,0.5,15,H,12/6/17 12:17 PM
12/6/2017,Wed,7:10 AM,-0.2,-6,L,12/6/17 7:10 AM
12/6/2017,Wed,12:56 PM,0.5,15,H,12/6/17 12:56 PM
12/6/2017,Wed,7:44 AM,0,0,L,12/6/17 7:44 AM
12/7/2017,Thu,1:11 AM,0.5,15,H,12/7/17 1:11 AM
12/7/2017,Thu,8:06 AM,-0.1,-3,L,12/7/17 8:06 AM
12/7/2017,Thu,1:50 AM,0.5,15,H,12/7/17 1:50 AM
12/7/2017,Thu,8:42 AM,0,0,L,12/7/17 8:42 AM
12/8/2017,Fri,2:09 AM,0.5,15,H,12/8/17 2:09 AM
12/8/2017,Fri,9:05 AM,0,0,L,12/8/17 9:05 AM
12/8/2017,Fri,2:45 AM,0.5,15,H,12/8/17 2:45 AM
12/8/2017,Fri,9:43 AM,0.1,3,L,12/8/17 9:43 AM
12/9/2017,Sat,3:09 AM,0.4,12,H,12/9/17 3:09 AM
12/9/2017,Sat,10:08 AM,0,0,L,12/9/17 10:08 AM
12/9/2017,Sat,3:42 AM,0.5,15,H,12/9/17 3:42 AM
12/9/2017,Sat,10:47 AM,0.1,3,L,12/9/17 10:47 AM
12/10/2017,Sun,4:12 AM,0.4,12,H,12/10/17 4:12 AM
12/10/2017,Sun,11:13 AM,0.1,3,L,12/10/17 11:13 AM
12/10/2017,Sun,4:40 AM,0.4,12,H,12/10/17 4:40 AM
12/10/2017,Sun,11:49 AM,0.1,3,L,12/10/17 11:49 AM
12/11/2017,Mon,5:17 AM,0.4,12,H,12/11/17 5:17 AM
12/11/2017,Mon,12:16 PM,0.1,3,L,12/11/17 12:16 PM
12/11/2017,Mon,5:39 AM,0.4,12,H,12/11/17 5:39 AM
12/12/2017,Tue,12:48 PM,0.1,3,L,12/12/17 12:48 PM
12/12/2017,Tue,6:20 AM,0.4,12,H,12/12/17 6:20 AM
12/12/2017,Tue,1:16 AM,0.2,6,L,12/12/17 1:16 AM
12/12/2017,Tue,6:36 AM,0.4,12,H,12/12/17 6:36 AM
12/13/2017,Wed,1:42 AM,0,0,L,12/13/17 1:42 AM
12/13/2017,Wed,7:18 AM,0.4,12,H,12/13/17 7:18 AM
12/13/2017,Wed,2:10 AM,0.2,6,L,12/13/17 2:10 AM
12/13/2017,Wed,7:29 AM,0.4,12,H,12/13/17 7:29 AM
12/14/2017,Thu,2:31 AM,0,0,L,12/14/17 2:31 AM
12/14/2017,Thu,8:10 AM,0.4,12,H,12/14/17 8:10 AM
12/14/2017,Thu,2:59 AM,0.2,6,L,12/14/17 2:59 AM
12/14/2017,Thu,8:17 AM,0.4,12,H,12/14/17 8:17 AM
12/15/2017,Fri,3:16 AM,0,0,L,12/15/17 3:16 AM
12/15/2017,Fri,8:56 AM,0.4,12,H,12/15/17 8:56 AM
12/15/2017,Fri,3:44 AM,0.1,3,L,12/15/17 3:44 AM
12/15/2017,Fri,9:00 AM,0.4,12,H,12/15/17 9:00 AM
12/16/2017,Sat,3:58 AM,0,0,L,12/16/17 3:58 AM
12/16/2017,Sat,9:37 AM,0.4,12,H,12/16/17 9:37 AM
12/16/2017,Sat,4:25 AM,0.1,3,L,12/16/17 4:25 AM
12/16/2017,Sat,9:41 AM,0.4,12,H,12/16/17 9:41 AM
12/17/2017,Sun,4:38 AM,0,0,L,12/17/17 4:38 AM
12/17/2017,Sun,10:17 AM,0.4,12,H,12/17/17 10:17 AM
12/17/2017,Sun,5:05 AM,0.1,3,L,12/17/17 5:05 AM
12/17/2017,Sun,10:20 AM,0.4,12,H,12/17/17 10:20 AM
12/18/2017,Mon,5:16 AM,0,0,L,12/18/17 5:16 AM
12/18/2017,Mon,10:54 AM,0.4,12,H,12/18/17 10:54 AM
12/18/2017,Mon,5:43 AM,0.1,3,L,12/18/17 5:43 AM
12/18/2017,Mon,10:58 AM,0.4,12,H,12/18/17 10:58 AM
12/19/2017,Tue,5:53 AM,0,0,L,12/19/17 5:53 AM
12/19/2017,Tue,11:32 AM,0.4,12,H,12/19/17 11:32 AM
12/19/2017,Tue,6:20 AM,0.1,3,L,12/19/17 6:20 AM
12/19/2017,Tue,11:36 AM,0.4,12,H,12/19/17 11:36 AM
12/20/2017,Wed,6:29 AM,0,0,L,12/20/17 6:29 AM
12/20/2017,Wed,12:09 PM,0.4,12,H,12/20/17 12:09 PM
12/20/2017,Wed,6:57 AM,0.1,3,L,12/20/17 6:57 AM
12/21/2017,Thu,12:15 PM,0.4,12,H,12/21/17 12:15 PM
12/21/2017,Thu,7:05 AM,0,0,L,12/21/17 7:05 AM
12/21/2017,Thu,12:47 PM,0.4,12,H,12/21/17 12:47 PM
12/21/2017,Thu,7:34 AM,0.1,3,L,12/21/17 7:34 AM
12/22/2017,Fri,12:55 PM,0.4,12,H,12/22/17 12:55 PM
12/22/2017,Fri,7:42 AM,0,0,L,12/22/17 7:42 AM
12/22/2017,Fri,1:26 AM,0.4,12,H,12/22/17 1:26 AM
12/22/2017,Fri,8:12 AM,0.1,3,L,12/22/17 8:12 AM
12/23/2017,Sat,1:37 AM,0.4,12,H,12/23/17 1:37 AM
12/23/2017,Sat,8:21 AM,0.1,3,L,12/23/17 8:21 AM
12/23/2017,Sat,2:06 AM,0.4,12,H,12/23/17 2:06 AM
12/23/2017,Sat,8:54 AM,0.1,3,L,12/23/17 8:54 AM
12/24/2017,Sun,2:23 AM,0.4,12,H,12/24/17 2:23 AM
12/24/2017,Sun,9:06 AM,0.1,3,L,12/24/17 9:06 AM
12/24/2017,Sun,2:49 AM,0.4,12,H,12/24/17 2:49 AM
12/24/2017,Sun,9:42 AM,0.1,3,L,12/24/17 9:42 AM
12/25/2017,Mon,3:13 AM,0.4,12,H,12/25/17 3:13 AM
12/25/2017,Mon,9:58 AM,0.1,3,L,12/25/17 9:58 AM
12/25/2017,Mon,3:35 AM,0.4,12,H,12/25/17 3:35 AM
12/25/2017,Mon,10:35 AM,0.1,3,L,12/25/17 10:35 AM
12/26/2017,Tue,4:09 AM,0.4,12,H,12/26/17 4:09 AM
12/26/2017,Tue,10:58 AM,0.1,3,L,12/26/17 10:58 AM
12/26/2017,Tue,4:27 AM,0.4,12,H,12/26/17 4:27 AM
12/26/2017,Tue,11:34 AM,0.1,3,L,12/26/17 11:34 AM
12/27/2017,Wed,5:10 AM,0.4,12,H,12/27/17 5:10 AM
12/27/2017,Wed,12:01 PM,0.1,3,L,12/27/17 12:01 PM
12/27/2017,Wed,5:24 AM,0.4,12,H,12/27/17 5:24 AM
12/28/2017,Thu,12:33 PM,0,0,L,12/28/17 12:33 PM
12/28/2017,Thu,6:14 AM,0.4,12,H,12/28/17 6:14 AM
12/28/2017,Thu,1:04 AM,0.1,3,L,12/28/17 1:04 AM
12/28/2017,Thu,6:24 AM,0.4,12,H,12/28/17 6:24 AM
12/29/2017,Fri,1:32 AM,-0.1,-3,L,12/29/17 1:32 AM
12/29/2017,Fri,7:17 AM,0.4,12,H,12/29/17 7:17 AM
12/29/2017,Fri,2:04 AM,0.1,3,L,12/29/17 2:04 AM
12/29/2017,Fri,7:25 AM,0.4,12,H,12/29/17 7:25 AM
12/30/2017,Sat,2:28 AM,-0.2,-6,L,12/30/17 2:28 AM
12/30/2017,Sat,8:16 AM,0.4,12,H,12/30/17 8:16 AM
12/30/2017,Sat,3:01 AM,0,0,L,12/30/17 3:01 AM
12/30/2017,Sat,8:24 AM,0.4,12,H,12/30/17 8:24 AM
12/31/2017,Sun,3:23 AM,-0.2,-6,L,12/31/17 3:23 AM
12/31/2017,Sun,9:12 AM,0.5,15,H,12/31/17 9:12 AM
12/31/2017,Sun,3:55 AM,-0.1,-3,L,12/31/17 3:55 AM
12/31/2017,Sun,9:20 AM,0.4,12,H,12/31/17 9:20 AM
